Workbook

Sheet Trims
A1: Mmad | B1: Ticker | C1: TypeValeur | D1: 2022_T1 | E1: 2022_T2 | F1: 2022_T3 | G1: 2022_T4 | H1: 2023_T1 | I1: 2023_T2 | J1: 2023_T3 | K1: 2023_T4 | L1: 2024_T1 | M1: 2024_T2 | N1: 2024_T3 | O1: 2024_T4 | P1: 2025_T1 | Q1: 2025_T2 | R1: 2025_T3 | S1: 2025_T4 | T1: 2026_T1 | U1: 2026_T2 | V1: 2026_T3 | W1: 2026_T4
A2: Assurances
A3: ATLANTASANAD | B3: ATL | C3: CA | D3: 1960 | E3: 1122 | F3: 1063 | G3: 1258 | H3: 1893 | I3: 1192 | J3: 906 | K3: 1121 | L3: 1962 | M3: 1134 | N3: 855 | O3: 1309 | P3: 2287 | Q3: 1376 | R3: 876 | S3: 1511 | T3: 2373
A4: WAFA ASSURANCE | B4: WAA | C4: CA | D4: 3117 | E4: 2776 | F4: 2560 | G4: 3185 | H4: 3605 | I4: 2928 | J4: 3119 | K4: 3072 | L4: 4073 | M4: 3027 | N4: 2809 | O4: 3158 | P4: 4352 | Q4: 3530 | R4: 3037 | S4: 4307 | T4: 6400
A5: SANLAM | B5: SAH | C5: CA | D5: 1794 | E5: =3367-Table_Trims[[#This Row],[2022_T1]] -> 1573 | F5: =190+1073 -> 1263 | G5: =1108+217 -> 1325 | H5: =266+1927 -> 2193 | I5: =3493-Table_Trims[[#This Row],[2023_T1]] -> 1300 | J5: =4774-Table_Trims[[#This Row],[2023_T2]]-Table_Trims[[#This Row],[2023_T1]] -> 1281 | K5: 1378 | L5: =1946+201 -> 2147 | M5: =3535-Table_Trims[[#This Row],[2024_T1]] -> 1388 | N5: =1385 -> 1385 | O5: 1361 | P5: =148+1932 -> 2080 | Q5: =3430-Table_Trims[[#This Row],[2025_T1]] -> 1350 | R5: 1429 | S5: 1336 | T5: =268+2009 -> 2277
A6: SALAFIN | B6: SLF | C6: CA | D6: 94.424 | E6: 100.868 | F6: 95.087 | G6: 108.914 | H6: 95.134 | I6: 97.076 | J6: 97.971 | K6: 105.988 | L6: 93.236 | M6: 92.614 | N6: 94.66 | O6: 98.135 | P6: 94 | Q6: 97 | R6: 95 | S6: 98 | T6: 94
A7: Banques
A8: ATTIJARIWAFA BANK | B8: ATW | C8: CA | D8: 6600 | E8: 6500 | F8: 6600 | G8: 6613 | H8: 6861 | I8: 7743 | J8: 7683 | K8: 7656 | L8: 8520 | M8: 8503 | N8: 8150 | O8: 9334 | P8: 9024 | Q8: 8672 | R8: 8658 | S8: 8567 | T8: 9287.857
A9: BANK OF AFRICA | B9: BOA | C9: CA | D9: 3630 | E9: 4070 | F9: 3655 | G9: 4271 | H9: 3834 | I9: 4571 | J9: 4194 | K9: 4343 | L9: 4500 | M9: 5120 | N9: 4480 | O9: 4522 | P9: 4968 | Q9: 5519 | R9: 4792 | S9: 5069 | T9: 4860.039
A10: BCP | B10: BCP | C10: CA | D10: 4902 | E10: 5559 | F10: 4371 | G10: 5777 | H10: 4822 | I10: 6920 | J10: 5910 | K10: 5143 | L10: 6048 | M10: 6790 | N10: 6752 | O10: 6011 | P10: 6949 | Q10: 6963 | R10: 6492 | S10: 6596 | T10: 5724
A11: BMCI | B11: BCI | C11: CA | D11: 759 | E11: 761 | F11: 745 | G11: 790 | H11: 792 | I11: 902 | J11: 876 | K11: 870 | L11: 910 | M11: 980 | N11: 980 | O11: 920 | P11: 983 | Q11: 1007 | R11: 960 | S11: 990 | T11: 961
A12: CDM | B12: CDM | C12: CA | D12: 648 | E12: 637 | F12: 640 | G12: 644.1 | H12: 719 | I12: 707 | J12: 770 | K12: 704 | L12: 791 | M12: 815 | N12: 833 | O12: 861 | P12: 890 | Q12: 885 | R12: 903 | S12: 790 | T12: 928
A13: CFG BANK | B13: CFG | C13: CA | D13: 116 | E13: 113 | F13: 127 | G13: 144 | H13: 144 | I13: 165 | J13: 189 | K13: 159 | L13: 208 | M13: 216 | N13: 254 | O13: 263 | P13: 303 | Q13: 297 | R13: 309 | S13: 338 | T13: 310
A14: CIH | B14: CIH | C14: CA | D14: 812.3 | E14: 812 | F14: 885.4 | G14: 1008.3 | H14: 968.5 | I14: 1250.4 | J14: 1108 | K14: 1141 | L14: 1122.7 | M14: 1210 | N14: 1203.4 | O14: 1202.9 | P14: 1300 | Q14: 1448 | R14: 1292.8 | S14: 1382 | T14: 1269.4
A15: Services Financiers
A16: EQDOM | B16: EQD | C16: CA | D16: 142 | E16: 165 | F16: 134 | G16: 140 | H16: 132 | I16: 161 | J16: 124 | K16: 130 | L16: 130 | M16: 152 | N16: 132 | O16: 129 | P16: 140 | Q16: 166 | R16: 140 | S16: =590-Table_Trims[[#This Row],[2025_T3]]-Table_Trims[[#This Row],[2025_T2]]-Table_Trims[[#This Row],[2025_T1]] -> 144 | T16: 154
A17: SALAFIN | B17: SLF | C17: CA | D17: 94.424 | E17: 100.868 | F17: 95.087 | G17: 108.914 | H17: 95.424 | I17: 97.076 | J17: 97.971 | K17: 105.988 | L17: 93.236 | M17: 92.614 | N17: 94.66 | O17: 98.135 | P17: 94 | Q17: 97 | R17: 95
A18: Cash Plus | B18: CAP | C18: CA | O18: 186 | P18: 212 | S18: 222 | T18: 234
A19: Agroalimentaire et Boissons
A20: COSUMAR | B20: CSR | C20: CA | D20: 2486 | E20: 2590 | F20: 2823 | G20: 2534 | H20: 2512 | I20: 2446 | J20: 2700 | K20: 2575 | L20: 2439 | M20: 2544 | N20: 2766 | O20: 2489 | P20: 2667 | Q20: 2695 | R20: 2675 | S20: 2450 | T20: 2206
A21: COSUMAR | B21: CSR | C21: Capex | D21: 60 | E21: 105 | F21: 56 | G21: 62 | H21: 51 | I21: 53 | J21: 26 | K21: 112 | L21: 54 | M21: 34 | N21: 47 | O21: 65 | P21: 36 | Q21: 56 | R21: 74 | S21: 79 | T21: 25
A22: COSUMAR | B22: CSR | C22: Endettement | D22: -174 | E22: 1011 | F22: 167 | G22: 985 | H22: 694 | I22: 919 | J22: 1796 | K22: 1458 | L22: -137 | M22: 1062 | N22: 1823 | O22: 556 | P22: -27 | Q22: 1608 | R22: 1701 | S22: 206 | T22: 986
A23: LESIEUR CRISTAL | B23: LES | C23: CA | D23: 1644 | E23: 1954 | F23: 1641 | G23: 1650 | H23: 1827 | I23: 1212 | J23: 1510 | K23: 1385 | L23: 1506 | M23: 1205 | N23: 1036 | O23: 1381 | P23: 1656 | Q23: 1168 | R23: 1227 | S23: 1216 | T23: 1447
A24: LESIEUR CRISTAL | B24: LES | C24: Capex | D24: 16 | E24: 41 | F24: 9 | G24: 100 | H24: 11.3 | I24: 22.7 | J24: 37 | K24: 47 | L24: 48 | M24: 52 | N24: 9 | O24: 50 | P24: 6 | Q24: 13 | R24: 9 | S24: 33 | T24: 14
A25: LESIEUR CRISTAL | B25: LES | C25: Endettement | D25: -1002 | E25: -921 | F25: -1087 | G25: -1094 | H25: -1551 | I25: -1094 | J25: -1659 | K25: 36 | L25: -279 | M25: 24 | N25: -168 | O25: 196 | P25: 60 | Q25: 281 | R25: 12 | S25: 243 | T25: 139
A26: MUTANDIS | B26: MUT | C26: CA | D26: 422 | E26: 599 | F26: 708 | G26: 600 | H26: 518 | I26: 582 | J26: 703 | K26: 694 | L26: 470 | M26: 495 | N26: 637 | O26: 514 | P26: 452 | Q26: 450 | R26: 592 | S26: 528 | T26: 423
A27: MUTANDIS | B27: MUT | C27: Capex | D27: 51 | E27: 55 | F27: 60 | G27: 52 | H27: 42 | I27: 59 | J27: 43 | K27: 385 | L27: 72 | M27: 52 | N27: 31 | O27: 106 | P27: 37 | Q27: 26 | R27: -14 | S27: 39 | T27: 37
A28: MUTANDIS | B28: MUT | C28: Endettement | D28: 558 | E28: 586 | F28: 756 | G28: 739 | H28: 875 | I28: 954 | J28: 1262 | K28: 1102 | L28: 1075 | M28: 710 | N28: 869 | O28: 850 | P28: 950 | Q28: 938 | R28: 885 | S28: 828 | T28: 929
A29: SOCIETE DES BOISSONS DU MAROC | B29: SBM | C29: CA | D29: 496 | E29: 602 | F29: 995 | G29: 820 | H29: 466 | I29: 747 | J29: 973 | K29: 745 | L29: 361.5 | M29: 756 | N29: 918 | O29: 826 | P29: 351.3 | Q29: 830 | R29: 971 | S29: 930
A30: SOCIETE DES BOISSONS DU MAROC | B30: SBM | C30: Capex | D30: 5 | E30: 12 | F30: 12 | G30: 39 | H30: 8.7 | I30: 88 | J30: 43 | K30: 55 | L30: 14.9 | M30: 38 | N30: 27 | O30: 34 | P30: 12.7 | Q30: 37 | R30: 31 | S30: 20
A31: SOCIETE DES BOISSONS DU MAROC | B31: SBM | C31: Endettement | D31: -737 | E31: -760 | F31: -511 | G31: -841 | H31: -873.5 | I31: -319 | J31: -834 | K31: -941 | L31: -821 | M31: -365 | N31: -558 | O31: -556 | P31: -389.6 | Q31: -253 | R31: -446 | S31: -593
A32: BTP
A33: JET CONTRACTORS | B33: JET | C33: CA | D33: 342.87 | E33: 527.14 | F33: 284.8 | G33: 559 | H33: 520.66 | I33: 514.06 | J33: 382.89 | K33: 902.1 | L33: 603.32 | M33: 849 | N33: 382.89 | O33: 838.24 | P33: 734.51 | Q33: 788.61 | R33: 854.37 | S33: 1343 | T33: 771.92
A34: JET CONTRACTORS | B34: JET | C34: Capex | D34: 6.07 | E34: 3.96 | F34: 39.26 | G34: 17.77 | H34: 7.33 | I34: 17.94 | J34: 5.64 | K34: 4.6 | L34: 16.77 | M34: 21.64 | N34: 28.38 | O34: 4.1 | P34: 8.61 | Q34: 28.85 | R34: 207.34 | S34: 166 | T34: 50.4
A35: JET CONTRACTORS | B35: JET | C35: Endettement | D35: 1032.86 | E35: 1078.43 | F35: 861.3 | G35: 843.93 | H35: 936.71 | I35: 1169.48 | J35: 1108.62 | K35: 1015.9 | L35: 872.34 | M35: 973.61 | N35: 1108.62 | O35: 1001.67 | P35: 1060.71 | Q35: 1555.69 | R35: 1547.01 | S35: 1640 | T35: 1818.01
A36: LAFARGEHOLCIM MAROC | B36: LHM | C36: CA | D36: 2077 | E36: 1927 | F36: 1898 | G36: 2082 | H36: 2131 | I36: 1999 | J36: 1952 | K36: 2130 | L36: 1884 | M36: 1807 | N36: 2110 | O36: 2354 | P36: 2048 | Q36: 2111 | R36: 2367 | S36: 2354 | T36: 1774
A37: LAFARGEHOLCIM MAROC | B37: LHM | C37: Endettement | D37: 5142 | E37: 6270 | F37: 5998 | G37: 5486 | H37: 4887 | I37: 4600 | J37: 5439 | K37: 4864 | L37: 4622 | M37: 5661 | N37: 4832 | O37: 4034 | P37: 3876 | Q37: 4881 | R37: 4004 | S37: 4034 | T37: 3439
A38: SONASID | B38: SID | C38: CA | D38: 1345 | E38: 1107 | F38: 1196 | G38: 1240 | H38: 1343 | I38: 1200 | J38: 1126 | K38: 1326 | L38: 1249 | M38: 1188 | N38: 1365 | O38: 1692 | P38: 1551 | Q38: 1503 | R38: 1478 | S38: 1854 | T38: 1395
A39: SONASID | B39: SID | C39: Capex | D39: 1 | E39: 21 | F39: 24 | G39: 96 | H39: 15 | I39: 58 | J39: 17 | K39: 129 | L39: 12 | M39: 62 | N39: 32 | O39: 91 | P39: 40 | Q39: 60 | R39: 52 | S39: 125 | T39: 101
A40: SONASID | B40: SID | C40: Endettement | D40: -974 | E40: -816 | F40: -878 | G40: -852 | H40: -928 | I40: -778 | J40: -702 | K40: -768 | L40: -769 | M40: -532 | N40: -656 | O40: -722 | P40: -572 | Q40: -341 | R40: -413 | S40: -400 | T40: -499
A41: TGCC S.A | B41: TGC | C41: CA | D41: 1128 | E41: 1121.9 | F41: 1111.1 | G41: 1700.4 | H41: 1228 | I41: 1684.8 | J41: 1979 | K41: 2212.7 | L41: 1708.7 | M41: 2077.7 | N41: 2015.1 | O41: 2245.5 | P41: 1844.8 | Q41: 3124.3 | R41: 3201.2 | S41: 3662 | T41: 2076.3
A42: TGCC S.A | B42: TGC | C42: Capex | D42: 18.7 | E42: 21.2 | F42: 32.2 | G42: 51.5 | H42: 76.8 | I42: 90.4 | J42: 86.8 | K42: 53.7 | L42: 46.5 | M42: 31.8 | N42: 45.8 | O42: 48.8 | P42: 99 | Q42: 107.4 | R42: 325.1 | S42: 78 | T42: 83.7
A43: TGCC S.A | B43: TGC | C43: Endettement | D43: 696 | E43: 907 | F43: 884.4 | G43: 664 | H43: 892.5 | I43: 797.8 | J43: 981.1 | K43: 979.1 | L43: 890.2 | M43: -1135.3 | N43: 111.2 | O43: 674.6 | P43: 738.7 | Q43: 3062.2 | R43: 1204.6 | S43: 609.8 | T43: 1106.7
A44: SGTM | B44: GTM | C44: CA | S44: 4886 | T44: 3023
A45: SGTM | B45: GTM | C45: Capex | S45: 306 | T45: 130
A46: SGTM | B46: GTM | C46: Endettement | S46: 156 | T46: -12.8
A47: CIMENT DU MAROC | B47: CMA | C47: CA | D47: 955 | E47: =2024-Table_Trims[[#This Row],[2022_T1]] -> 1069 | F47: 848 | G47: =4068-Table_Trims[[#This Row],[2022_T3]]-Table_Trims[[#This Row],[2022_T2]]-Table_Trims[[#This Row],[2022_T1]] -> 1196 | H47: 917.8 | I47: =2159-Table_Trims[[#This Row],[2023_T1]] -> 1241.2 | J47: 880 | K47: =4333-Table_Trims[[#This Row],[2023_T3]]-Table_Trims[[#This Row],[2023_T2]]-Table_Trims[[#This Row],[2023_T1]] -> 1294 | L47: 870.1 | M47: =1999-Table_Trims[[#This Row],[2024_T1]] -> 1128.9 | N47: 1009 | O47: =4387-Table_Trims[[#This Row],[2024_T3]]-Table_Trims[[#This Row],[2024_T2]]-Table_Trims[[#This Row],[2024_T1]] -> 1379 | P47: 991.7 | Q47: =2202-Table_Trims[[#This Row],[2025_T1]] -> 1210.3 | R47: 1074 | S47: =5408-Table_Trims[[#This Row],[2025_T3]]-Table_Trims[[#This Row],[2025_T2]]-Table_Trims[[#This Row],[2025_T1]] -> 2132 | T47: 913
A48: CIMENT DU MAROC | B48: CMA | C48: Capex | D48: 47 | E48: 113 | F48: 57 | G48: 108 | H48: 47.3 | I48: 15 | J48: 32 | K48: 59 | L48: 11.8 | M48: 18 | N48: 40 | O48: 110 | P48: 7.4 | Q48: 31 | R48: 32 | T48: 25
A49: Distribution Alimentaire
A50: LABEL VIE | B50: LBV | C50: CA | D50: 2988.26 | E50: 3212.98 | F50: 4016.22 | G50: =3729.37 -> 3729.37 | H50: 3777.01 | I50: 3755.95 | J50: 4294.12 | K50: 3973 | L50: 3825 | M50: 3958 | N50: 4308 | O50: 4327 | P50: 4158 | Q50: 4569 | R50: 4867 | S50: 4940 | T50: 4818
A51: LABEL VIE | B51: LBV | C51: Capex | D51: 207.17 | E51: 311.1 | F51: 291.43 | G51: 363.65 | H51: 279.44 | I51: 302.74 | J51: 301.77 | K51: 335 | L51: 328 | M51: -222 | N51: 284 | O51: 520 | P51: 331 | Q51: 420 | R51: 453 | S51: 2 | T51: 71
A52: LABEL VIE | B52: LBV | C52: Endettement | D52: 3081.57 | E52: 3131.13 | F52: 2923.31 | G52: 3176.12 | H52: 3453.34 | I52: 3455.01 | J52: 3404.24 | K52: 3789 | L52: 4428 | M52: 3869 | N52: 3853 | O52: 3973 | P52: 4307 | Q52: 4114 | R52: 4317 | S52: 4606 | T52: 4748
A53: Distribution Automobile
A54: AUTO HALL | B54: ATH | C54: CA | D54: 1156 | E54: 1306 | F54: 1203 | G54: 1180 | H54: 1069 | I54: 1131 | J54: 1356 | K54: 1361 | L54: 1169 | M54: 1258 | N54: 1141 | O54: 1450 | P54: 1224 | Q54: 1470 | R54: 1477 | S54: 1739 | T54: 1621
A55: AUTO NEJMA | B55: NEJ | C55: CA | D55: 494 | E55: 471 | F55: 671 | G55: 465 | H55: 622 | I55: 466 | J55: 505 | K55: 633 | L55: 647 | M55: 643 | N55: 649 | O55: 891 | P55: 792 | Q55: 1002 | R55: 1060 | S55: 1281 | T55: 815
A56: Electrecité
A57: TAQA MOROCCO | B57: TQM | C57: CA | D57: 2658 | E57: 3249 | F57: 3839 | G57: 3859 | H57: 4090 | I57: 3359 | J57: 2983 | K57: 2760 | L57: 2959 | M57: 2692 | N57: 2483 | O57: 2744 | P57: 2943 | Q57: 2437 | R57: 2578 | S57: 2680 | T57: 2963
A58: TAQA MOROCCO | B58: TQM | C58: Capex | D58: 92 | E58: 6 | F58: 21 | G58: 123 | H58: 15 | I58: 6 | J58: 108 | K58: 214 | L58: 22 | M58: 49 | N58: 93 | O58: 129 | P58: 39 | Q58: 170 | R58: 15 | S58: 40 | T58: 49
A59: TAQA MOROCCO | B59: TQM | C59: Endettement | D59: 6835 | E59: 6868 | F59: 7175 | G59: 6171 | H59: 4774 | I59: 4420 | J59: 5935 | K59: 5522 | L59: 4401 | M59: 6592 | N59: 4649 | O59: 5582 | P59: 4759 | Q59: 5140 | R59: 5852 | S59: 5293 | T59: 4320
A60: GAZ
A61: AFRIQUIA GAZ | B61: GAZ | C61: CA | D61: 2250 | E61: 2977 | F61: 2245 | G61: 2038 | H61: 2449 | I61: 1983 | J61: 1766 | K61: 2059 | L61: 2046 | M61: 2183 | N61: 2174 | O61: 2370 | P61: 2410 | Q61: 2290 | R61: 2124 | S61: 2165 | T61: 2175
A62: AFRIQUIA GAZ | B62: GAZ | C62: Capex | D62: 113.7 | E62: 127.6 | F62: 111 | G62: 145.1 | H62: 11.3 | I62: 107.9 | J62: 112.6 | K62: 123.8 | L62: 135.6 | M62: 136.3 | N62: 114.4 | O62: 148.2 | P62: 97.7 | Q62: 115.3 | R62: 134.5 | S62: 172.5 | T62: 89.4
A63: AFRIQUIA GAZ | B63: GAZ | C63: Endettement | D63: 1138.6 | E63: -38.4 | G63: 732.3 | H63: 2114.8 | I63: -949.4 | J63: 2616 | K63: 123.8 | L63: 1850.1 | M63: 692.2 | N63: 2447.4 | O63: 215.5 | P63: 1291.1 | Q63: 823.4 | R63: 2226.2 | S63: 473.5 | T63: 1970.4
A64: TOTALENERGIES | B64: TMA | C64: CA | D64: 4476 | E64: 5032 | F64: 5304 | G64: 4905.5 | H64: 4346 | I64: 3917 | J64: 4140.9 | K64: 4529.255 | L64: 4229.664 | M64: 4232.306 | N64: 4268 | O64: 4021 | P64: 3892 | Q64: 3651.547 | R64: 3810.402 | S64: 3772 | T64: 3470
A65: TOTALENERGIES | B65: TMA | C65: Endettement | D65: -884 | E65: -45 | F65: -607.295 | G65: 477.728 | H65: -124.833 | I65: -273.426 | J65: -883.99 | K65: -223.28 | L65: -121.829 | M65: -81.86 | N65: -218.5 | O65: -546 | P65: -1217 | Q65: -177.653 | R65: -140.657 | S65: -408
A66: MAGHREB OXYGENE | B66: MOX | C66: CA | D66: 73.5 | E66: 77.8 | F66: 71.3 | G66: 68.4 | H66: 71.1 | I66: 73.3 | J66: 66.7 | K66: 79.4 | L66: 70.6 | M66: 78.3 | N66: 84.8 | O66: 77.7 | P66: 69.1 | Q66: 85.4 | R66: 71.4 | S66: 104.5 | T66: 78.4
A67: MAGHREB OXYGENE | B67: MOX | C67: Capex | D67: 2.7 | E67: 3 | F67: 6 | G67: 7.9 | H67: 6.3 | I67: 3 | J67: 8.4 | K67: 9.5 | L67: 4.2 | M67: 2.1 | N67: 2.9 | O67: 6.5 | P67: 1.5 | Q67: 25.3 | R67: 6.2 | S67: 44.6 | T67: 16.4
A68: MAGHREB OXYGENE | B68: MOX | C68: Endettement | D68: 108.8 | E68: 98.7 | F68: 106.3 | G68: 79 | H68: 86.2 | I68: 95.8 | J68: 110.9 | K68: 85.5 | L68: 91.1 | M68: 102.4 | N68: 103.8 | O68: 104.8 | P68: 101.2 | Q68: 115 | R68: 119.6 | S68: 148.6 | T68: 177.3
A69: HOLDING
A70: DELTA HOLDING | B70: DHO | C70: CA | D70: 598 | E70: 670 | F70: 625 | G70: 899 | H70: 600 | I70: 723 | J70: 737 | K70: 1063 | L70: 689 | M70: 686 | N70: 765 | O70: 977 | P70: 579 | Q70: 755 | R70: 709 | S70: 1012 | T70: 599
A71: DELTA HOLDING | B71: DHO | C71: Capex | D71: 15 | E71: 20 | F71: 11 | G71: 13 | H71: 26 | I71: 13 | J71: 13 | K71: 37 | L71: 15 | M71: 32 | N71: 22 | O71: 21 | P71: 16 | Q71: 65 | R71: 22 | S71: 22 | T71: 16
A72: DELTA HOLDING | B72: DHO | C72: Endettement | D72: 170 | E72: 277 | F72: 361 | G72: 386 | H72: 311 | I72: 318 | J72: 286 | K72: 103 | L72: -155 | M72: -108 | N72: -108 | O72: -234 | P72: -366 | Q72: -169 | R72: -132 | S72: -446 | T72: -371
A73: Hotels-Tourisme & Loisirs
A74: RISMA | B74: RIS | C74: CA | D74: 150 | E74: 276 | F74: 296 | G74: 314 | H74: 273 | I74: 320 | J74: 286 | K74: 295 | L74: 253 | M74: 344 | N74: 318 | O74: 349 | P74: 278 | Q74: 375 | R74: 334 | S74: 486 | T74: 398
A75: RISMA | B75: RIS | C75: Capex | D75: 20 | E75: 19 | F75: 10 | G75: 44 | H75: 22 | I75: 47 | J75: 33 | K75: 66 | L75: 31 | M75: 24 | N75: 29 | O75: 50 | P75: 35 | Q75: 223 | R75: 47 | S75: 625 | T75: 30
A76: RISMA | B76: RIS | C76: Endettement | D76: 1825 | E76: 1720 | F76: 1580 | G76: 1443 | H76: 1422 | I76: 1447 | J76: 1413 | K76: 1328 | L76: 1335 | M76: 1178 | N76: 1158 | O76: 1086 | P76: 1109 | Q76: 1184 | R76: 1285 | S76: 1968 | T76: 1444
A77: Industrie Agricole
A78: CMGP GROUP | B78: CMG | C78: CA | K78: 577 | L78: 539 | M78: 577 | N78: 558 | O78: 653 | P78: 541 | Q78: 579 | R78: 591 | S78: 776 | T78: 710
A79: CMGP GROUP | B79: CMG | C79: Capex | K79: 24 | L79: 10 | M79: 58 | N79: 18 | O79: 22 | P79: 20 | Q79: 2 | R79: 78 | S79: 875 | T79: 56
A80: CMGP GROUP | B80: CMG | C80: Endettement | K80: 568 | P80: -15 | Q80: -26 | R80: 91 | S80: 949 | T80: 935
A81: Industries Transport
A82: SODEP-Marsa Maroc | B82: MSA | C82: CA | D82: 962 | E82: 1031 | F82: 971 | G82: 984 | H82: 1004 | I82: 1115 | J82: 1112 | K82: 1090 | L82: 1140 | M82: 1342 | N82: 1235 | O82: 1291 | P82: 1280 | Q82: 1586 | R82: 1463 | S82: 1480 | T82: 1435
A83: SODEP-Marsa Maroc | B83: MSA | C83: Capex | D83: 15 | E83: 141 | F83: 42 | G83: 279 | H83: 16 | I83: 122 | J83: 65 | K83: 327 | L83: 68 | M83: 96 | N83: 228 | O83: 323 | P83: 890 | Q83: 403 | R83: 490 | S83: 632 | T83: 2489
A84: SODEP-Marsa Maroc | B84: MSA | C84: Endettement | D84: 729 | E84: 954 | F84: 631 | G84: 342 | H84: 263 | I84: 105 | J84: 500 | K84: 24 | L84: -139 | M84: -647 | N84: -390 | O84: -792 | P84: -436 | Q84: -492 | R84: -470 | S84: -753 | T84: -945
A85: Logiciels & Services Informatiques
A86: HPS | B86: HPS | C86: CA | D86: 221 | E86: 259 | F86: 253 | G86: 271 | H86: 265 | I86: 296 | J86: 278 | K86: 336 | L86: 288 | M86: 282.7 | N86: 295 | O86: 383 | P86: 309 | Q86: 354 | R86: 358 | S86: 517 | T86: 342
A87: HPS | B87: HPS | C87: Endettement | D87: 171 | E87: 165 | F87: 155 | G87: 159 | H87: 104 | I87: 123.7 | J87: 92 | K87: 87 | L87: 102 | M87: 108.8 | N87: 455 | O87: 551 | P87: 541.5 | Q87: 533 | R87: 465 | S87: 423 | T87: 417
A88: Mines
A89: MANAGEM | B89: MNG | C89: CA | D89: 2791 | E89: 2675 | F89: 1910 | G89: 2269 | H89: 2220 | I89: 1962 | J89: 1757 | K89: 1569 | L89: 1935 | M89: 2473 | N89: 2127 | O89: 2325 | P89: 2324 | Q89: 2098 | R89: 2998 | S89: 6274 | T89: 5753
A90: MANAGEM | B90: MNG | C90: Capex | D90: 385 | E90: 571 | F90: 474 | G90: 744 | H90: 494 | I90: 668 | J90: 606 | K90: 984 | L90: 1332 | M90: 1352 | N90: 1575 | O90: 2993 | P90: 1504 | Q90: 1382 | R90: 1480 | S90: 1583 | T90: 885
A91: MANAGEM | B91: MNG | C91: Endettement | D91: 4633 | E91: 4205 | F91: 4100 | G91: 4347 | H91: 4639 | I91: 6588 | J91: 7080 | K91: 7588 | L91: 8799 | M91: 7143 | N91: 9143 | O91: 10272 | P91: 11901 | Q91: 14335 | R91: 15881 | S91: 12674 | T91: 11803
A92: MINIERIE TOUISSIT | B92: CMT | C92: CA | D92: 77 | E92: 136 | F92: 172 | G92: 204 | H92: 131 | I92: 144 | J92: 162 | K92: 153 | L92: 140 | M92: 141 | N92: 173 | O92: 132 | P92: 169 | Q92: 173 | R92: 180 | S92: 168 | T92: 342
A93: MINIERIE TOUISSIT | B93: CMT | C93: Capex | D93: 28 | E93: 27 | F93: 19 | G93: 18 | H93: 16 | I93: 37 | J93: 21 | K93: 33 | L93: 21 | M93: 33 | N93: 12 | O93: 37 | P93: 9 | Q93: 18 | R93: 21 | S93: 14 | T93: 11
A94: MINIERIE TOUISSIT | B94: CMT | C94: Endettement | D94: 361 | E94: 310 | F94: 197 | G94: 282 | H94: 100 | I94: 194 | J94: 503 | K94: 400 | L94: 360 | M94: 319 | N94: 291 | O94: 231 | P94: 209 | Q94: 141 | R94: 138 | S94: 70 | T94: 162
A95: SMI | B95: SMI | C95: CA | D95: 217 | E95: 202 | F95: 136 | G95: 243 | H95: 214 | I95: 318 | J95: 248 | K95: 286 | L95: 251 | M95: 320 | N95: 250 | O95: 232 | P95: 302 | Q95: 326 | R95: 349 | S95: 589 | T95: 411
A96: SMI | B96: SMI | C96: Capex | D96: 41 | E96: 62 | F96: 55 | G96: 63 | H96: 45 | I96: 44 | J96: 34 | K96: 52 | L96: 39 | M96: 53 | N96: 55 | O96: 66 | P96: 49 | Q96: 49 | R96: 63 | S96: 62 | T96: 68
A97: SMI | B97: SMI | C97: Endettement | D97: -9 | E97: -78 | F97: -23 | G97: 56 | H97: 31 | I97: -66 | J97: -201 | K97: -340 | L97: -332 | M97: -229 | N97: -280 | O97: -312 | P97: -216 | Q97: 176 | R97: 152 | S97: -539.8 | T97: -374
A98: Opérateurs Telecom
A99: ITISSALAT AL-MAGHRIB | B99: IAM | C99: CA | D99: 8770 | E99: 8798 | F99: 9240 | G99: 8923 | H99: 9093 | I99: 9306 | J99: 9279 | K99: 9107 | L99: 9066 | M99: 9194 | N99: 9201 | O99: 9238 | P99: 8884 | Q99: 9157 | R99: 9236 | S99: 9398 | T99: 9327
A100: ITISSALAT AL-MAGHRIB | B100: IAM | C100: Capex | D100: 1137 | E100: 2583 | F100: 1777 | G100: 2075 | H100: 855 | I100: 2091 | J100: 2777 | K100: 2116 | L100: 1280 | M100: 1953 | N100: 2028 | O100: 5904 | P100: 1134 | Q100: 2050 | R100: 3822 | S100: 3885 | T100: 1348
...

Sheet Semestriel
A1: Mmad | B1: Ticker | C1: TypeValeur | D1: S1_2022 | E1: S2_2022 | F1: S1_2023 | G1: S2_2023 | H1: S1_2024 | I1: S2_2024 | J1: S1_2025 | K1: S2_2025
A2: Assurances
A3: ATLANTASANAD | B3: ATL | C3: CA | D3: =Trims!D3+Trims!E3 -> 3082 | E3: =Trims!F3+Trims!G3 -> 2321 | F3: =Trims!H3+Trims!I3 -> 3085 | G3: =Trims!J3+Trims!K3 -> 2027 | H3: =Trims!L3+Trims!M3 -> 3096 | I3: =Trims!N3+Trims!O3 -> 2164 | J3: =Trims!P3+Trims!Q3 -> 3663 | K3: =Table_Trims[[#This Row],[2025_T3]]+Table_Trims[[#This Row],[2025_T4]] -> 2387
A4: WAFA ASSURANCE | B4: WAA | C4: CA | D4: =Trims!D4+Trims!E4 -> 5893 | E4: =Trims!F4+Trims!G4 -> 5745 | F4: =Trims!H4+Trims!I4 -> 6533 | G4: =Trims!J4+Trims!K4 -> 6191 | H4: =Trims!L4+Trims!M4 -> 7100 | I4: =Trims!N4+Trims!O4 -> 5967 | J4: =Trims!P4+Trims!Q4 -> 7882 | K4: =Table_Trims[[#This Row],[2025_T3]]+Table_Trims[[#This Row],[2025_T4]] -> 7344
A5: Banques
A6: ATTIJARIWAFA BANK | B6: ATW | C6: CA | D6: =Trims!D8+Trims!E8 -> 13100 | E6: =Trims!F8+Trims!G8 -> 13213 | F6: =Trims!H8+Trims!I8 -> 14604 | G6: =Trims!J8+Trims!K8 -> 15339 | H6: =Trims!L8+Trims!M8 -> 17023 | I6: =Trims!N8+Trims!O8 -> 17484 | J6: =Trims!P8+Trims!Q8 -> 17696 | K6: =Trims!R8+Trims!S8 -> 17225
A7: BANK OF AFRICA | B7: BOA | C7: CA | D7: =Trims!D9+Trims!E9 -> 7700 | E7: =Trims!F9+Trims!G9 -> 7926 | F7: =Trims!H9+Trims!I9 -> 8405 | G7: =Trims!J9+Trims!K9 -> 8537 | H7: =Trims!L9+Trims!M9 -> 9620 | I7: =Trims!N9+Trims!O9 -> 9002 | J7: =Trims!P9+Trims!Q9 -> 10487 | K7: =Trims!R9+Trims!S9 -> 9861
A8: BCP | B8: BCP | C8: CA | D8: =Trims!D10+Trims!E10 -> 10461 | E8: =Trims!F10+Trims!G10 -> 10148 | F8: =Trims!H10+Trims!I10 -> 11742 | G8: =Trims!J10+Trims!K10 -> 11053 | H8: =Trims!L10+Trims!M10 -> 12838 | I8: =Trims!N10+Trims!O10 -> 12763 | J8: =Trims!P10+Trims!Q10 -> 13912 | K8: =Trims!R10+Trims!S10 -> 13088
A9: BMCI | B9: BCI | C9: CA | D9: =Trims!D11+Trims!E11 -> 1520 | E9: =Trims!F11+Trims!G11 -> 1535 | F9: =Trims!H11+Trims!I11 -> 1694 | G9: =Trims!J11+Trims!K11 -> 1746 | H9: =Trims!L11+Trims!M11 -> 1890 | I9: =Trims!N11+Trims!O11 -> 1900 | J9: =Trims!P11+Trims!Q11 -> 1990 | K9: =Trims!R11+Trims!S11 -> 1950
A10: CDM | B10: CDM | C10: CA | D10: =Trims!D12+Trims!E12 -> 1285 | E10: =Trims!F12+Trims!G12 -> 1284.1 | F10: =Trims!H12+Trims!I12 -> 1426 | G10: =Trims!J12+Trims!K12 -> 1474 | H10: =Trims!L12+Trims!M12 -> 1606 | I10: =Trims!N12+Trims!O12 -> 1694 | J10: =Trims!P12+Trims!Q12 -> 1775 | K10: =Trims!R12+Trims!S12 -> 1693
A11: CFG BANK | B11: CFG | C11: CA | D11: =Trims!D13+Trims!E13 -> 229 | E11: =Trims!F13+Trims!G13 -> 271 | F11: =Trims!H13+Trims!I13 -> 309 | G11: =Trims!J13+Trims!K13 -> 348 | H11: =Trims!L13+Trims!M13 -> 424 | I11: =Trims!N13+Trims!O13 -> 517 | J11: =Trims!P13+Trims!Q13 -> 600 | K11: =Trims!R13+Trims!S13 -> 647
A12: CIH | B12: CIH | C12: CA | D12: =Trims!D14+Trims!E14 -> 1624.3 | E12: =Trims!F14+Trims!G14 -> 1893.7 | F12: =Trims!H14+Trims!I14 -> 2218.9 | G12: =Trims!J14+Trims!K14 -> 2249 | H12: =Trims!L14+Trims!M14 -> 2332.7 | I12: =Trims!N14+Trims!O14 -> 2406.3 | J12: =Trims!P14+Trims!Q14 -> 2748 | K12: =Table_Trims[[#This Row],[2025_T3]]+Table_Trims[[#This Row],[2025_T4]] -> 1693
A13: Services Financiers
A14: EQDOM | B14: EQD | C14: CA | D14: =Trims!D16+Trims!E16 -> 307 | E14: =Trims!F16+Trims!G16 -> 274 | F14: =Trims!H16+Trims!I16 -> 293 | G14: =Trims!J16+Trims!K16 -> 254 | H14: =Trims!L16+Trims!M16 -> 282 | I14: =Trims!N16+Trims!O16 -> 261 | J14: =Trims!P16+Trims!Q16 -> 306 | K14: =Table_Trims[[#This Row],[2025_T3]]+Table_Trims[[#This Row],[2025_T4]] -> 2674.8
A15: SALAFIN | B15: SLF | C15: CA | D15: =Trims!D17+Trims!E17 -> 195.292 | E15: =Trims!F17+Trims!G17 -> 204.001 | F15: =Trims!H17+Trims!I17 -> 192.5 | G15: =Trims!J17+Trims!K17 -> 203.959 | H15: =Trims!L17+Trims!M17 -> 185.85 | I15: =Trims!N17+Trims!O17 -> 192.795 | J15: =Trims!P17+Trims!Q17 -> 191 | K15: =Table_Trims[[#This Row],[2025_T3]]+Table_Trims[[#This Row],[2025_T4]] -> 0
A16: Cash Plus | B16: CAP | C16: CA | J16: =Trims!P18+Trims!Q18 -> 212
A17: Agroalimentaire et Boissons
A18: COSUMAR | B18: CSR | C18: CA | D18: =Trims!D20+Trims!E20 -> 5076 | E18: =Trims!F20+Trims!G20 -> 5357 | F18: =Trims!H20+Trims!I20 -> 4958 | G18: =Trims!J20+Trims!K20 -> 5275 | H18: =Trims!L20+Trims!M20 -> 4983 | I18: =Trims!N20+Trims!O20 -> 5255 | J18: =Trims!P20+Trims!Q20 -> 5362 | K18: =Table_Trims[[#This Row],[2025_T3]]+Table_Trims[[#This Row],[2025_T4]] -> 222
A19: COSUMAR | B19: CSR | C19: Capex | D19: =Trims!D21+Trims!E21 -> 165 | E19: =Trims!F21+Trims!G21 -> 118 | F19: =Trims!H21+Trims!I21 -> 104 | G19: =Trims!J21+Trims!K21 -> 138 | H19: =Trims!L21+Trims!M21 -> 88 | I19: =Trims!N21+Trims!O21 -> 112 | J19: =Trims!P21+Trims!Q21 -> 92 | K19: =Table_Trims[[#This Row],[2025_T3]]+Table_Trims[[#This Row],[2025_T4]] -> 0
A20: COSUMAR | B20: CSR | C20: Endettement | D20: =Table_Trims[[#This Row],[2022_T2]] -> 2590 | E20: =Table_Trims[[#This Row],[2022_T4]] -> 2534 | F20: =Table_Trims[[#This Row],[2023_T2]] -> 2446 | G20: =Table_Trims[[#This Row],[2023_T4]] -> 2575 | H20: =Table_Trims[[#This Row],[2024_T2]] -> 2544 | I20: =Table_Trims[[#This Row],[2024_T4]] -> 2489 | J20: =Table_Trims[[#This Row],[2025_T2]] -> 2695 | K20: =Table_Trims[[#This Row],[2025_T4]] -> 2450
A21: LESIEUR CRISTAL | B21: LES | C21: CA | D21: =Trims!D23+Trims!E23 -> 3598 | E21: =Trims!F23+Trims!G23 -> 3291 | F21: =Trims!H23+Trims!I23 -> 3039 | G21: =Trims!J23+Trims!K23 -> 2895 | H21: =Trims!L23+Trims!M23 -> 2711 | I21: =Trims!N23+Trims!O23 -> 2417 | J21: =Trims!P23+Trims!Q23 -> 2824 | K21: =Table_Trims[[#This Row],[2025_T3]]+Table_Trims[[#This Row],[2025_T4]] -> 153
A22: LESIEUR CRISTAL | B22: LES | C22: Capex | D22: =Trims!D24+Trims!E24 -> 57 | E22: =Trims!F24+Trims!G24 -> 109 | F22: =Trims!H24+Trims!I24 -> 34 | G22: =Trims!J24+Trims!K24 -> 84 | H22: =Trims!L24+Trims!M24 -> 100 | I22: =Trims!N24+Trims!O24 -> 59 | J22: =Trims!P24+Trims!Q24 -> 19 | K22: =Table_Trims[[#This Row],[2025_T3]]+Table_Trims[[#This Row],[2025_T4]] -> 1907
A23: LESIEUR CRISTAL | B23: LES | C23: Endettement | D23: =Table_Trims[[#This Row],[2022_T2]] -> 1954 | E23: =Table_Trims[[#This Row],[2022_T4]] -> 1650 | F23: =Table_Trims[[#This Row],[2023_T2]] -> 1212 | G23: =Table_Trims[[#This Row],[2023_T4]] -> 1385 | H23: =Table_Trims[[#This Row],[2024_T2]] -> 1205 | I23: =Table_Trims[[#This Row],[2024_T4]] -> 1381 | J23: =Table_Trims[[#This Row],[2025_T2]] -> 1168 | K23: =Table_Trims[[#This Row],[2025_T4]] -> 1216
A24: MUTANDIS | B24: MUT | C24: CA | D24: =Trims!D26+Trims!E26 -> 1021 | E24: =Trims!F26+Trims!G26 -> 1308 | F24: =Trims!H26+Trims!I26 -> 1100 | G24: =Trims!J26+Trims!K26 -> 1397 | H24: =Trims!L26+Trims!M26 -> 965 | I24: =Trims!N26+Trims!O26 -> 1151 | J24: =Trims!P26+Trims!Q26 -> 902 | K24: =Table_Trims[[#This Row],[2025_T3]]+Table_Trims[[#This Row],[2025_T4]] -> 42
A25: MUTANDIS | B25: MUT | C25: Capex | D25: =Trims!D27+Trims!E27 -> 106 | E25: =Trims!F27+Trims!G27 -> 112 | F25: =Trims!H27+Trims!I27 -> 101 | G25: =Trims!J27+Trims!K27 -> 428 | H25: =Trims!L27+Trims!M27 -> 124 | I25: =Trims!N27+Trims!O27 -> 137 | J25: =Trims!P27+Trims!Q27 -> 63 | K25: =Table_Trims[[#This Row],[2025_T3]]+Table_Trims[[#This Row],[2025_T4]] -> 255
A26: MUTANDIS | B26: MUT | C26: Endettement | D26: =Table_Trims[[#This Row],[2022_T2]] -> 599 | E26: =Table_Trims[[#This Row],[2022_T4]] -> 600 | F26: =Table_Trims[[#This Row],[2023_T2]] -> 582 | G26: =Table_Trims[[#This Row],[2023_T4]] -> 694 | H26: =Table_Trims[[#This Row],[2024_T2]] -> 495 | I26: =Table_Trims[[#This Row],[2024_T4]] -> 514 | J26: =Table_Trims[[#This Row],[2025_T2]] -> 450 | K26: =Table_Trims[[#This Row],[2025_T4]] -> 528
A27: SOCIETE DES BOISSONS DU MAROC | B27: SBM | C27: CA | D27: =Trims!D29+Trims!E29 -> 1098 | E27: =Trims!F29+Trims!G29 -> 1815 | F27: =Trims!H29+Trims!I29 -> 1213 | G27: =Trims!J29+Trims!K29 -> 1718 | H27: =Trims!L29+Trims!M29 -> 1117.5 | I27: =Trims!N29+Trims!O29 -> 1744 | J27: =Trims!P29+Trims!Q29 -> 1181.3 | K27: =Table_Trims[[#This Row],[2025_T3]]+Table_Trims[[#This Row],[2025_T4]] -> 25
A28: SOCIETE DES BOISSONS DU MAROC | B28: SBM | C28: Capex | D28: =Trims!D30+Trims!E30 -> 17 | E28: =Trims!F30+Trims!G30 -> 51 | F28: =Trims!H30+Trims!I30 -> 96.7 | G28: =Trims!J30+Trims!K30 -> 98 | H28: =Trims!L30+Trims!M30 -> 52.9 | I28: =Trims!N30+Trims!O30 -> 61 | J28: =Trims!P30+Trims!Q30 -> 49.7 | K28: =Table_Trims[[#This Row],[2025_T3]]+Table_Trims[[#This Row],[2025_T4]] -> 1713
A29: SOCIETE DES BOISSONS DU MAROC | B29: SBM | C29: Endettement | D29: =Table_Trims[[#This Row],[2022_T2]] -> 602 | E29: =Table_Trims[[#This Row],[2022_T4]] -> 820 | F29: =Table_Trims[[#This Row],[2023_T2]] -> 747 | G29: =Table_Trims[[#This Row],[2023_T4]] -> 745 | H29: =Table_Trims[[#This Row],[2024_T2]] -> 756 | I29: =Table_Trims[[#This Row],[2024_T4]] -> 826 | J29: =Table_Trims[[#This Row],[2025_T2]] -> 830 | K29: =Table_Trims[[#This Row],[2025_T4]] -> 930
A30: BTP
A31: JET CONTRACTORS | B31: JET | C31: CA | D31: =Trims!D33+Trims!E33 -> 870.01 | E31: =Trims!F33+Trims!G33 -> 843.8 | F31: =Trims!H33+Trims!I33 -> 1034.72 | G31: =Trims!J33+Trims!K33 -> 1284.99 | H31: =Trims!L33+Trims!M33 -> 1452.32 | I31: =Trims!N33+Trims!O33 -> 1221.13 | J31: =Trims!P33+Trims!Q33 -> 1523.12 | K31: =Table_Trims[[#This Row],[2025_T3]]+Table_Trims[[#This Row],[2025_T4]] -> -1039
A32: JET CONTRACTORS | B32: JET | C32: Capex | D32: =Trims!D34+Trims!E34 -> 10.03 | E32: =Trims!F34+Trims!G34 -> 57.03 | F32: =Trims!H34+Trims!I34 -> 25.27 | G32: =Trims!J34+Trims!K34 -> 10.24 | H32: =Trims!L34+Trims!M34 -> 38.41 | I32: =Trims!N34+Trims!O34 -> 32.48 | J32: =Trims!P34+Trims!Q34 -> 37.46 | K32: =Table_Trims[[#This Row],[2025_T3]]+Table_Trims[[#This Row],[2025_T4]] -> 0
A33: JET CONTRACTORS | B33: JET | C33: Endettement | D33: =Table_Trims[[#This Row],[2022_T2]] -> 527.14 | E33: =Table_Trims[[#This Row],[2022_T4]] -> 559 | F33: =Table_Trims[[#This Row],[2023_T2]] -> 514.06 | G33: =Table_Trims[[#This Row],[2023_T4]] -> 902.1 | H33: =Table_Trims[[#This Row],[2024_T2]] -> 849 | I33: =Table_Trims[[#This Row],[2024_T4]] -> 838.24 | J33: =Table_Trims[[#This Row],[2025_T2]] -> 788.61 | K33: =Table_Trims[[#This Row],[2025_T4]] -> 1343
A34: LAFARGEHOLCIM MAROC | B34: LHM | C34: CA | D34: =Trims!D36+Trims!E36 -> 4004 | E34: =Trims!F36+Trims!G36 -> 3980 | F34: =Trims!H36+Trims!I36 -> 4130 | G34: =Trims!J36+Trims!K36 -> 4082 | H34: =Trims!L36+Trims!M36 -> 3691 | I34: =Trims!N36+Trims!O36 -> 4464 | J34: =Trims!P36+Trims!Q36 -> 4159 | K34: =Table_Trims[[#This Row],[2025_T3]]+Table_Trims[[#This Row],[2025_T4]] -> 373.34
A35: LAFARGEHOLCIM MAROC | B35: LHM | C35: Endettement | D35: =Table_Trims[[#This Row],[2022_T2]] -> 1078.43 | E35: =Table_Trims[[#This Row],[2022_T4]] -> 843.93 | F35: =Table_Trims[[#This Row],[2023_T2]] -> 1169.48 | G35: =Table_Trims[[#This Row],[2023_T4]] -> 1015.9 | H35: =Table_Trims[[#This Row],[2024_T2]] -> 973.61 | I35: =Table_Trims[[#This Row],[2024_T4]] -> 1001.67 | J35: =Table_Trims[[#This Row],[2025_T2]] -> 1555.69 | K35: =Table_Trims[[#This Row],[2025_T4]] -> 1640
A36: SONASID | B36: SID | C36: CA | D36: =Trims!D38+Trims!E38 -> 2452 | E36: =Trims!F38+Trims!G38 -> 2436 | F36: =Trims!H38+Trims!I38 -> 2543 | G36: =Trims!J38+Trims!K38 -> 2452 | H36: =Trims!L38+Trims!M38 -> 2437 | I36: =Trims!N38+Trims!O38 -> 3057 | J36: =Trims!P38+Trims!Q38 -> 3054 | K36: =Table_Trims[[#This Row],[2025_T3]]+Table_Trims[[#This Row],[2025_T4]] -> 4721
A37: SONASID | B37: SID | C37: Capex | D37: =Trims!D39+Trims!E39 -> 22 | E37: =Trims!F39+Trims!G39 -> 120 | F37: =Trims!H39+Trims!I39 -> 73 | G37: =Trims!J39+Trims!K39 -> 146 | H37: =Trims!L39+Trims!M39 -> 74 | I37: =Trims!N39+Trims!O39 -> 123 | J37: =Trims!P39+Trims!Q39 -> 100 | K37: =Table_Trims[[#This Row],[2025_T3]]+Table_Trims[[#This Row],[2025_T4]] -> 8038
A38: SONASID | B38: SID | C38: Endettement | D38: =Table_Trims[[#This Row],[2022_T2]] -> 1107 | E38: =Table_Trims[[#This Row],[2022_T4]] -> 1240 | F38: =Table_Trims[[#This Row],[2023_T2]] -> 1200 | G38: =Table_Trims[[#This Row],[2023_T4]] -> 1326 | H38: =Table_Trims[[#This Row],[2024_T2]] -> 1188 | I38: =Table_Trims[[#This Row],[2024_T4]] -> 1692 | J38: =Table_Trims[[#This Row],[2025_T2]] -> 1503 | K38: =Table_Trims[[#This Row],[2025_T4]] -> 1854
A39: TGCC S.A | B39: TGC | C39: CA | D39: =Trims!D41+Trims!E41 -> 2249.9 | E39: =Trims!F41+Trims!G41 -> 2811.5 | F39: =Trims!H41+Trims!I41 -> 2912.8 | G39: =Trims!J41+Trims!K41 -> 4191.7 | H39: =Trims!L41+Trims!M41 -> 3786.4 | I39: =Trims!N41+Trims!O41 -> 4260.6 | J39: =Trims!P41+Trims!Q41 -> 4969.1 | K39: =Table_Trims[[#This Row],[2025_T3]]+Table_Trims[[#This Row],[2025_T4]] -> 177
A40: TGCC S.A | B40: TGC | C40: Capex | D40: =Trims!D42+Trims!E42 -> 39.9 | E40: =Trims!F42+Trims!G42 -> 83.7 | F40: =Trims!H42+Trims!I42 -> 167.2 | G40: =Trims!J42+Trims!K42 -> 140.5 | H40: =Trims!L42+Trims!M42 -> 78.3 | I40: =Trims!N42+Trims!O42 -> 94.6 | J40: =Trims!P42+Trims!Q42 -> 206.4 | K40: =Table_Trims[[#This Row],[2025_T3]]+Table_Trims[[#This Row],[2025_T4]] -> -813
A41: TGCC S.A | B41: TGC | C41: Endettement | D41: =Table_Trims[[#This Row],[2022_T2]] -> 1121.9 | E41: =Table_Trims[[#This Row],[2022_T4]] -> 1700.4 | F41: =Table_Trims[[#This Row],[2023_T2]] -> 1684.8 | G41: =Table_Trims[[#This Row],[2023_T4]] -> 2212.7 | H41: =Table_Trims[[#This Row],[2024_T2]] -> 2077.7 | I41: =Table_Trims[[#This Row],[2024_T4]] -> 2245.5 | J41: =Table_Trims[[#This Row],[2025_T2]] -> 3124.3 | K41: =Table_Trims[[#This Row],[2025_T4]] -> 3662
A42: SGTM | B42: GTM | C42: CA | J42: =Trims!P44+Trims!Q44 -> 0
A43: SGTM | B43: GTM | C43: Capex | J43: =Trims!P45+Trims!Q45 -> 0
A44: SGTM | B44: GTM | C44: Endettement | J44: =Table_Trims[[#This Row],[2025_T2]] -> 0 | K44: =Table_Trims[[#This Row],[2025_T4]] -> 4886
A45: Distribution Alimentaire
A46: LABEL VIE | B46: LBV | C46: CA | D46: =Trims!D50+Trims!E50 -> 6201.24 | E46: =Trims!F50+Trims!G50 -> 7745.59 | F46: =Trims!H50+Trims!I50 -> 7532.96 | G46: =Trims!J50+Trims!K50 -> 8267.12 | H46: =Trims!L50+Trims!M50 -> 7783 | I46: =Trims!N50+Trims!O50 -> 8635 | J46: =Trims!P50+Trims!Q50 -> 8727 | K46: =Trims!S50+Trims!R50 -> 9807
A47: LABEL VIE | B47: LBV | C47: Capex | D47: =Trims!D51+Trims!E51 -> 518.27 | E47: =Trims!F51+Trims!G51 -> 655.08 | F47: =Trims!H51+Trims!I51 -> 582.18 | G47: =Trims!J51+Trims!K51 -> 636.77 | H47: =Trims!L51+Trims!M51 -> 106 | I47: =Trims!N51+Trims!O51 -> 804 | J47: =Trims!P51+Trims!Q51 -> 751 | K47: =Trims!S51+Trims!R51 -> 455
A48: LABEL VIE | B48: LBV | C48: Endettement | D48: =Table_Trims[[#This Row],[2022_T2]] -> 113 | E48: =Table_Trims[[#This Row],[2022_T4]] -> 108 | F48: =Table_Trims[[#This Row],[2023_T2]] -> 15 | G48: =Table_Trims[[#This Row],[2023_T4]] -> 59 | H48: =Table_Trims[[#This Row],[2024_T2]] -> 18 | I48: =Table_Trims[[#This Row],[2024_T4]] -> 110 | J48: =Table_Trims[[#This Row],[2025_T2]] -> 31 | K48: =Table_Trims[[#This Row],[2025_T4]] -> 0
A49: Electrecité
A50: TAQA MOROCCO | B50: TQM | C50: CA | D50: =Trims!D57+Trims!E57 -> 5907 | E50: =Trims!F57+Trims!G57 -> 7698 | F50: =Trims!H57+Trims!I57 -> 7449 | G50: =Trims!J57+Trims!K57 -> 5743 | H50: =Trims!L57+Trims!M57 -> 5651 | I50: =Trims!N57+Trims!O57 -> 5227 | J50: =Trims!P57+Trims!Q57 -> 5380 | K50: =Table_Trims[[#This Row],[2025_T3]]+Table_Trims[[#This Row],[2025_T4]] -> 9807
A51: TAQA MOROCCO | B51: TQM | C51: Capex | D51: =Trims!D58+Trims!E58 -> 98 | E51: =Trims!F58+Trims!G58 -> 144 | F51: =Trims!H58+Trims!I58 -> 21 | G51: =Trims!J58+Trims!K58 -> 322 | H51: =Trims!L58+Trims!M58 -> 71 | I51: =Trims!N58+Trims!O58 -> 222 | J51: =Trims!P58+Trims!Q58 -> 209 | K51: =Table_Trims[[#This Row],[2025_T3]]+Table_Trims[[#This Row],[2025_T4]] -> 455
A52: TAQA MOROCCO | B52: TQM | C52: Endettement | D52: =Table_Trims[[#This Row],[2022_T2]] -> 3131.13 | E52: =Table_Trims[[#This Row],[2022_T4]] -> 3176.12 | F52: =Table_Trims[[#This Row],[2023_T2]] -> 3455.01 | G52: =Table_Trims[[#This Row],[2023_T4]] -> 3789 | H52: =Table_Trims[[#This Row],[2024_T2]] -> 3869 | I52: =Table_Trims[[#This Row],[2024_T4]] -> 3973 | J52: =Table_Trims[[#This Row],[2025_T2]] -> 4114 | K52: =Table_Trims[[#This Row],[2025_T4]] -> 4606
A53: GAZ
A54: AFRIQUIA GAZ | B54: GAZ | C54: CA | D54: =Trims!D61+Trims!E61 -> 5227 | E54: =Trims!F61+Trims!G61 -> 4283 | F54: =Trims!H61+Trims!I61 -> 4432 | G54: =Trims!J61+Trims!K61 -> 3825 | H54: =Trims!L61+Trims!M61 -> 4229 | I54: =Trims!N61+Trims!O61 -> 4544 | J54: =Trims!P61+Trims!Q61 -> 4700 | K54: =Table_Trims[[#This Row],[2025_T3]]+Table_Trims[[#This Row],[2025_T4]] -> 3216
A55: AFRIQUIA GAZ | B55: GAZ | C55: Capex | D55: =Trims!D62+Trims!E62 -> 241.3 | E55: =Trims!F62+Trims!G62 -> 256.1 | F55: =Trims!H62+Trims!I62 -> 119.2 | G55: =Trims!J62+Trims!K62 -> 236.4 | H55: =Trims!L62+Trims!M62 -> 271.9 | I55: =Trims!N62+Trims!O62 -> 262.6 | J55: =Trims!P62+Trims!Q62 -> 213 | K55: =Table_Trims[[#This Row],[2025_T3]]+Table_Trims[[#This Row],[2025_T4]] -> 2341
A56: AFRIQUIA GAZ | B56: GAZ | C56: Endettement | D56: =Table_Trims[[#This Row],[2022_T2]] -> 0 | E56: =Table_Trims[[#This Row],[2022_T4]] -> 0 | F56: =Table_Trims[[#This Row],[2023_T2]] -> 0 | G56: =Table_Trims[[#This Row],[2023_T4]] -> 0 | H56: =Table_Trims[[#This Row],[2024_T2]] -> 0 | I56: =Table_Trims[[#This Row],[2024_T4]] -> 0 | J56: =Table_Trims[[#This Row],[2025_T2]] -> 0 | K56: =Table_Trims[[#This Row],[2025_T4]] -> 0
A57: TOTALENERGIES | B57: TMA | C57: CA | D57: =Trims!D64+Trims!E64 -> 9508 | E57: =Trims!F64+Trims!G64 -> 10209.5 | F57: =Trims!H64+Trims!I64 -> 8263 | G57: =Trims!J64+Trims!K64 -> 8670.155 | H57: =Trims!L64+Trims!M64 -> 8461.97 | I57: =Trims!N64+Trims!O64 -> 8289 | J57: =Trims!P64+Trims!Q64 -> 7543.547 | K57: =Table_Trims[[#This Row],[2025_T3]]+Table_Trims[[#This Row],[2025_T4]] -> 5258
A58: TOTALENERGIES | B58: TMA | C58: Endettement | D58: =Table_Trims[[#This Row],[2022_T2]] -> 6 | E58: =Table_Trims[[#This Row],[2022_T4]] -> 123 | F58: =Table_Trims[[#This Row],[2023_T2]] -> 6 | G58: =Table_Trims[[#This Row],[2023_T4]] -> 214 | H58: =Table_Trims[[#This Row],[2024_T2]] -> 49 | I58: =Table_Trims[[#This Row],[2024_T4]] -> 129 | J58: =Table_Trims[[#This Row],[2025_T2]] -> 170 | K58: =Table_Trims[[#This Row],[2025_T4]] -> 40
A59: HOLDING
A60: DELTA HOLDING | B60: DHO | C60: CA | D60: =Trims!D70+Trims!E70 -> 1268 | E60: =Trims!F70+Trims!G70 -> 1524 | F60: =Trims!H70+Trims!I70 -> 1323 | G60: =Trims!J70+Trims!K70 -> 1800 | H60: =Trims!L70+Trims!M70 -> 1375 | I60: =Trims!N70+Trims!O70 -> 1742 | J60: =Trims!P70+Trims!Q70 -> 1334 | K60: =Table_Trims[[#This Row],[2025_T3]]+Table_Trims[[#This Row],[2025_T4]] -> 0
A61: DELTA HOLDING | B61: DHO | C61: Capex | D61: =Trims!D71+Trims!E71 -> 35 | E61: =Trims!F71+Trims!G71 -> 24 | F61: =Trims!H71+Trims!I71 -> 39 | G61: =Trims!J71+Trims!K71 -> 50 | H61: =Trims!L71+Trims!M71 -> 47 | I61: =Trims!N71+Trims!O71 -> 43 | J61: =Trims!P71+Trims!Q71 -> 81 | K61: =Table_Trims[[#This Row],[2025_T3]]+Table_Trims[[#This Row],[2025_T4]] -> 4289
A62: DELTA HOLDING | B62: DHO | C62: Endettement | D62: =Table_Trims[[#This Row],[2022_T2]] -> 127.6 | E62: =Table_Trims[[#This Row],[2022_T4]] -> 145.1 | F62: =Table_Trims[[#This Row],[2023_T2]] -> 107.9 | G62: =Table_Trims[[#This Row],[2023_T4]] -> 123.8 | H62: =Table_Trims[[#This Row],[2024_T2]] -> 136.3 | I62: =Table_Trims[[#This Row],[2024_T4]] -> 148.2 | J62: =Table_Trims[[#This Row],[2025_T2]] -> 115.3 | K62: =Table_Trims[[#This Row],[2025_T4]] -> 172.5
A63: Hotels-Tourisme & Loisirs
A64: RISMA | B64: RIS | C64: CA | D64: =Trims!D74+Trims!E74 -> 426 | E64: =Trims!F74+Trims!G74 -> 610 | F64: =Trims!H74+Trims!I74 -> 593 | G64: =Trims!J74+Trims!K74 -> 581 | H64: =Trims!L74+Trims!M74 -> 597 | I64: =Trims!N74+Trims!O74 -> 667 | J64: =Trims!P74+Trims!Q74 -> 653 | K64: =Table_Trims[[#This Row],[2025_T3]]+Table_Trims[[#This Row],[2025_T4]] -> 7582.402
A65: RISMA | B65: RIS | C65: Capex | D65: =Trims!D75+Trims!E75 -> 39 | E65: =Trims!F75+Trims!G75 -> 54 | F65: =Trims!H75+Trims!I75 -> 69 | G65: =Trims!J75+Trims!K75 -> 99 | H65: =Trims!L75+Trims!M75 -> 55 | I65: =Trims!N75+Trims!O75 -> 79 | J65: =Trims!P75+Trims!Q75 -> 258 | K65: =Table_Trims[[#This Row],[2025_T3]]+Table_Trims[[#This Row],[2025_T4]] -> -548.657
A66: RISMA | B66: RIS | C66: Endettement | D66: =Table_Trims[[#This Row],[2022_T2]] -> 77.8 | E66: =Table_Trims[[#This Row],[2022_T4]] -> 68.4 | F66: =Table_Trims[[#This Row],[2023_T2]] -> 73.3 | G66: =Table_Trims[[#This Row],[2023_T4]] -> 79.4 | H66: =Table_Trims[[#This Row],[2024_T2]] -> 78.3 | I66: =Table_Trims[[#This Row],[2024_T4]] -> 77.7 | J66: =Table_Trims[[#This Row],[2025_T2]] -> 85.4 | K66: =Table_Trims[[#This Row],[2025_T4]] -> 104.5
A67: Industrie Agricole
A68: CMGP GROUP | B68: CMG | C68: CA | G68: =Trims!J78+Trims!K78 -> 577 | H68: =Trims!L78+Trims!M78 -> 1116 | I68: =Trims!N78+Trims!O78 -> 1211 | J68: =Trims!P78+Trims!Q78 -> 1120 | K68: =Table_Trims[[#This Row],[2025_T3]]+Table_Trims[[#This Row],[2025_T4]] -> 268.2
A69: CMGP GROUP | B69: CMG | C69: Capex | G69: =Trims!J79+Trims!K79 -> 24 | H69: =Trims!L79+Trims!M79 -> 68 | I69: =Trims!N79+Trims!O79 -> 40 | J69: =Trims!P79+Trims!Q79 -> 22 | K69: =Table_Trims[[#This Row],[2025_T3]]+Table_Trims[[#This Row],[2025_T4]] -> 0
A70: CMGP GROUP | B70: CMG | C70: Endettement | G70: =Trims!J80+Trims!K80 -> 568 | H70: 0 | I70: 0 | J70: =Table_Trims[[#This Row],[2025_T2]] -> 755 | K70: =Table_Trims[[#This Row],[2025_T4]] -> 1012
A71: Industries Transport
A72: SODEP-Marsa Maroc | B72: MSA | C72: CA | D72: =Trims!D82+Trims!E82 -> 1993 | E72: =Trims!F82+Trims!G82 -> 1955 | F72: =Trims!H82+Trims!I82 -> 2119 | G72: =Trims!J82+Trims!K82 -> 2202 | H72: =Trims!L82+Trims!M82 -> 2482 | I72: =Trims!N82+Trims!O82 -> 2526 | J72: =Trims!P82+Trims!Q82 -> 2866 | K72: =Trims!R82+Trims!S82 -> 2943
A73: SODEP-Marsa Maroc | B73: MSA | C73: Capex | D73: =Trims!D83+Trims!E83 -> 156 | E73: =Trims!F83+Trims!G83 -> 321 | F73: =Trims!H83+Trims!I83 -> 138 | G73: =Trims!J83+Trims!K83 -> 392 | H73: =Trims!L83+Trims!M83 -> 164 | I73: =Trims!N83+Trims!O83 -> 551 | J73: =Trims!P83+Trims!Q83 -> 1293 | K73: =Trims!R83+Trims!S83 -> 1122
A74: SODEP-Marsa Maroc | B74: MSA | C74: Endettement | D74: =Table_Trims[[#This Row],[2022_T2]] -> 276 | E74: =Table_Trims[[#This Row],[2022_T4]] -> 314 | F74: =Table_Trims[[#This Row],[2023_T2]] -> 320 | G74: =Table_Trims[[#This Row],[2023_T4]] -> 295 | H74: =Table_Trims[[#This Row],[2024_T2]] -> 344 | I74: =Table_Trims[[#This Row],[2024_T4]] -> 349 | J74: =Table_Trims[[#This Row],[2025_T2]] -> 375 | K74: =Table_Trims[[#This Row],[2025_T4]] -> 486
A75: Logiciels & Services Informatiques
A76: HPS | B76: HPS | C76: CA | D76: =Trims!D86+Trims!E86 -> 480 | E76: =Trims!F86+Trims!G86 -> 524 | F76: =Trims!H86+Trims!I86 -> 561 | G76: =Trims!J86+Trims!K86 -> 614 | H76: =Trims!L86+Trims!M86 -> 570.7 | I76: =Trims!N86+Trims!O86 -> 678 | J76: =Trims!P86+Trims!Q86 -> 663 | K76: =Table_Trims[[#This Row],[2025_T3]]+Table_Trims[[#This Row],[2025_T4]] -> 3253
A77: HPS | B77: HPS | C77: Endettement | D77: =Table_Trims[[#This Row],[2022_T2]] -> 0 | E77: =Table_Trims[[#This Row],[2022_T4]] -> 0 | F77: =Table_Trims[[#This Row],[2023_T2]] -> 0 | G77: =Table_Trims[[#This Row],[2023_T4]] -> 0 | H77: =Table_Trims[[#This Row],[2024_T2]] -> 0 | I77: =Table_Trims[[#This Row],[2024_T4]] -> 0 | J77: =Table_Trims[[#This Row],[2025_T2]] -> 0 | K77: =Table_Trims[[#This Row],[2025_T4]] -> 0
A78: Mines
A79: MANAGEM | B79: MNG | C79: CA | D79: =Trims!D89+Trims!E89 -> 5466 | E79: =Trims!F89+Trims!G89 -> 4179 | F79: =Trims!H89+Trims!I89 -> 4182 | G79: =Trims!J89+Trims!K89 -> 3326 | H79: =Trims!L89+Trims!M89 -> 4408 | I79: =Trims!N89+Trims!O89 -> 4452 | J79: =Trims!P89+Trims!Q89 -> 4422 | K79: =Table_Trims[[#This Row],[2025_T3]]+Table_Trims[[#This Row],[2025_T4]] -> 953
A80: MANAGEM | B80: MNG | C80: Capex | D80: =Trims!D90+Trims!E90 -> 956 | E80: =Trims!F90+Trims!G90 -> 1218 | F80: =Trims!H90+Trims!I90 -> 1162 | G80: =Trims!J90+Trims!K90 -> 1590 | H80: =Trims!L90+Trims!M90 -> 2684 | I80: =Trims!N90+Trims!O90 -> 4568 | J80: =Trims!P90+Trims!Q90 -> 2886 | K80: =Table_Trims[[#This Row],[2025_T3]]+Table_Trims[[#This Row],[2025_T4]] -> 1040
A81: MANAGEM | B81: MNG | C81: Endettement | D81: =Table_Trims[[#This Row],[2022_T2]] -> 0 | E81: =Table_Trims[[#This Row],[2022_T4]] -> 0 | F81: =Table_Trims[[#This Row],[2023_T2]] -> 0 | G81: =Table_Trims[[#This Row],[2023_T4]] -> 0 | H81: =Table_Trims[[#This Row],[2024_T2]] -> 0 | I81: =Table_Trims[[#This Row],[2024_T4]] -> 0 | J81: =Table_Trims[[#This Row],[2025_T2]] -> 0 | K81: =Table_Trims[[#This Row],[2025_T4]] -> 0
A82: MINIERIE TOUISSIT | B82: CMT | C82: CA | D82: =Trims!D92+Trims!E92 -> 213 | E82: =Trims!F92+Trims!G92 -> 376 | F82: =Trims!H92+Trims!I92 -> 275 | G82: =Trims!J92+Trims!K92 -> 315 | H82: =Trims!L92+Trims!M92 -> 281 | I82: =Trims!N92+Trims!O92 -> 305 | J82: =Trims!P92+Trims!Q92 -> 342 | K82: =Trims!R92+Trims!S92 -> 348
A83: MINIERIE TOUISSIT | B83: CMT | C83: Capex | D83: =Trims!D93+Trims!E93 -> 55 | E83: =Trims!F93+Trims!G93 -> 37 | F83: =Trims!H93+Trims!I93 -> 53 | G83: =Trims!J93+Trims!K93 -> 54 | H83: =Trims!L93+Trims!M93 -> 54 | I83: =Trims!N93+Trims!O93 -> 49 | J83: =Trims!P93+Trims!Q93 -> 27 | K83: =Trims!R93+Trims!S93 -> 35
A84: MINIERIE TOUISSIT | B84: CMT | C84: Endettement | D84: =Table_Trims[[#This Row],[2022_T2]] -> 954 | E84: =Table_Trims[[#This Row],[2022_T4]] -> 342 | F84: =Table_Trims[[#This Row],[2023_T2]] -> 105 | G84: =Table_Trims[[#This Row],[2023_T4]] -> 24 | H84: =Table_Trims[[#This Row],[2024_T2]] -> -647 | I84: =Table_Trims[[#This Row],[2024_T4]] -> -792 | J84: =Table_Trims[[#This Row],[2025_T2]] -> -492 | K84: =Table_Trims[[#This Row],[2025_T4]] -> -753
A85: SMI | B85: SMI | C85: CA | D85: =Trims!D95+Trims!E95 -> 419 | E85: =Trims!F95+Trims!G95 -> 379 | F85: =Trims!H95+Trims!I95 -> 532 | G85: =Trims!J95+Trims!K95 -> 534 | H85: =Trims!L95+Trims!M95 -> 571 | I85: =Trims!N95+Trims!O95 -> 482 | J85: =Trims!P95+Trims!Q95 -> 628 | K85: =Table_Trims[[#This Row],[2025_T3]]+Table_Trims[[#This Row],[2025_T4]] -> 0
A86: SMI | B86: SMI | C86: Capex | D86: =Trims!D96+Trims!E96 -> 103 | E86: =Trims!F96+Trims!G96 -> 118 | F86: =Trims!H96+Trims!I96 -> 89 | G86: =Trims!J96+Trims!K96 -> 86 | H86: =Trims!L96+Trims!M96 -> 92 | I86: =Trims!N96+Trims!O96 -> 121 | J86: =Trims!P96+Trims!Q96 -> 98 | K86: =Table_Trims[[#This Row],[2025_T3]]+Table_Trims[[#This Row],[2025_T4]] -> 875
A87: SMI | B87: SMI | C87: Endettement | D87: =Table_Trims[[#This Row],[2022_T2]] -> 165 | E87: =Table_Trims[[#This Row],[2022_T4]] -> 159 | F87: =Table_Trims[[#This Row],[2023_T2]] -> 123.7 | G87: =Table_Trims[[#This Row],[2023_T4]] -> 87 | H87: =Table_Trims[[#This Row],[2024_T2]] -> 108.8 | I87: =Table_Trims[[#This Row],[2024_T4]] -> 551 | J87: =Table_Trims[[#This Row],[2025_T2]] -> 533 | K87: =Table_Trims[[#This Row],[2025_T4]] -> 423
A88: Opérateurs Telecom
A89: ITISSALAT AL-MAGHRIB | B89: IAM | C89: CA | D89: =Trims!D99+Trims!E99 -> 17568 | E89: =Trims!F99+Trims!G99 -> 18163 | F89: =Trims!H99+Trims!I99 -> 18399 | G89: =Trims!J99+Trims!K99 -> 18386 | H89: =Trims!L99+Trims!M99 -> 18260 | I89: =Trims!N99+Trims!O99 -> 18439 | J89: =Trims!P99+Trims!Q99 -> 18041 | K89: =Trims!S99+Trims!R99 -> 18634
A90: ITISSALAT AL-MAGHRIB | B90: IAM | C90: Capex | D90: =Trims!D100+Trims!E100 -> 3720 | E90: =Trims!F100+Trims!G100 -> 3852 | F90: =Trims!H100+Trims!I100 -> 2946 | G90: =Trims!J100+Trims!K100 -> 4893 | H90: =Trims!L100+Trims!M100 -> 3233 | I90: =Trims!N100+Trims!O100 -> 7932 | J90: =Trims!P100+Trims!Q100 -> 3184 | K90: =Trims!S100+Trims!R100 -> 7707
A91: ITISSALAT AL-MAGHRIB | B91: IAM | C91: Endettement | D91: =Table_Trims[[#This Row],[2022_T2]] -> 4205 | E91: =Table_Trims[[#This Row],[2022_T4]] -> 4347 | F91: =Table_Trims[[#This Row],[2023_T2]] -> 6588 | G91: =Table_Trims[[#This Row],[2023_T4]] -> 7588 | H91: =Table_Trims[[#This Row],[2024_T2]] -> 7143 | I91: =Table_Trims[[#This Row],[2024_T4]] -> 10272 | J91: =Table_Trims[[#This Row],[2025_T2]] -> 14335 | K91: =Table_Trims[[#This Row],[2025_T4]] -> 12674
A92: Participation et Promotion Immo
A93: ALLIANCES | B93: ADI | C93: CA | D93: =Trims!D103+Trims!E103 -> 806 | E93: =Trims!F103+Trims!G103 -> 778 | F93: =Trims!H103+Trims!I103 -> 1003 | G93: =Trims!J103+Trims!K103 -> 1015 | H93: =Trims!L103+Trims!M103 -> 1209 | I93: =Trims!N103+Trims!O103 -> 1155 | J93: =Trims!P103+Trims!Q103 -> 1333 | K93: =Table_Trims[[#This Row],[2025_T3]]+Table_Trims[[#This Row],[2025_T4]] -> 35
A94: ALLIANCES | B94: ADI | C94: Endettement | D94: =Table_Trims[[#This Row],[2022_T2]] -> 310 | E94: =Table_Trims[[#This Row],[2022_T4]] -> 282 | F94: =Table_Trims[[#This Row],[2023_T2]] -> 194 | G94: =Table_Trims[[#This Row],[2023_T4]] -> 400 | H94: =Table_Trims[[#This Row],[2024_T2]] -> 319 | I94: =Table_Trims[[#This Row],[2024_T4]] -> 231 | J94: =Table_Trims[[#This Row],[2025_T2]] -> 141 | K94: =Table_Trims[[#This Row],[2025_T4]] -> 70
A95: DOUJA PROM ADDOHA | B95: ADH | C95: CA | D95: =Trims!D105+Trims!E105 -> 810 | E95: =Trims!F105+Trims!G105 -> 584 | F95: =Trims!H105+Trims!I105 -> 1405 | G95: =Trims!J105+Trims!K105 -> 694 | H95: =Trims!L105+Trims!M105 -> 1687 | I95: =Trims!N105+Trims!O105 -> 902 | J95: =Trims!P105+Trims!Q105 -> 1297 | K95: =Table_Trims[[#This Row],[2025_T3]]+Table_Trims[[#This Row],[2025_T4]] -> 938
A96: DOUJA PROM ADDOHA | B96: ADH | C96: Endettement | D96: =Table_Trims[[#This Row],[2022_T2]] -> 62 | E96: =Table_Trims[[#This Row],[2022_T4]] -> 63 | F96: =Table_Trims[[#This Row],[2023_T2]] -> 44 | G96: =Table_Trims[[#This Row],[2023_T4]] -> 52 | H96: =Table_Trims[[#This Row],[2024_T2]] -> 53 | I96: =Table_Trims[[#This Row],[2024_T4]] -> 66 | J96: =Table_Trims[[#This Row],[2025_T2]] -> 49 | K96: =Table_Trims[[#This Row],[2025_T4]] -> 62
A97: RESIDENCES DAR SAADA | B97: RDS | C97: CA | D97: =Trims!D107+Trims!E107 -> 287 | E97: =Trims!F107+Trims!G107 -> 249 | F97: =Trims!H107+Trims!I107 -> 253 | G97: =Trims!J107+Trims!K107 -> 167 | H97: =Trims!L107+Trims!M107 -> 92 | I97: =Trims!N107+Trims!O107 -> 44 | J97: =Trims!P107+Trims!Q107 -> 170 | K97: =Table_Trims[[#This Row],[2025_T3]]+Table_Trims[[#This Row],[2025_T4]] -> -387.8
A98: RESIDENCES DAR SAADA | B98: RDS | C98: Endettement | D98: =Table_Trims[[#This Row],[2022_T2]] -> 0 | E98: =Table_Trims[[#This Row],[2022_T4]] -> 0 | F98: =Table_Trims[[#This Row],[2023_T2]] -> 0 | G98: =Table_Trims[[#This Row],[2023_T4]] -> 0 | H98: =Table_Trims[[#This Row],[2024_T2]] -> 0 | I98: =Table_Trims[[#This Row],[2024_T4]] -> 0 | J98: =Table_Trims[[#This Row],[2025_T2]] -> 0 | K98: =Table_Trims[[#This Row],[2025_T4]] -> 0
A99: Santé
A100: AKDITAL | B100: AKT | C100: CA | D100: =Trims!D110+Trims!E110 -> 451 | E100: =Trims!F110+Trims!G110 -> 583 | F100: =Trims!H110+Trims!I110 -> 823 | G100: =Trims!J110+Trims!K110 -> 1089 | H100: =Trims!L110+Trims!M110 -> 1248 | I100: =Trims!N110+Trims!O110 -> 1704 | J100: =Trims!P110+Trims!Q110 -> 2090 | K100: =Trims!R110+Trims!S110 -> 2319
...

Sheet Annuel
A1: Colonne1 | B1: Ticker | C1: TypeValeur | D1: 2022 | E1: 2023 | F1: Var %_22-23 | G1: 2024 | H1: Var %_23-24 | I1: 2025 | J1: Var %_24-25
A2: Assurances
A3: ATLANTASANAD | B3: ATL | C3: CA | D3: =Semestriel!D3+Semestriel!E3 -> 5403 | E3: =Semestriel!F3+Semestriel!G3 -> 5112 | F3: =(E3-D3)/D3 -> -0.053858967 | G3: =Semestriel!H3+Semestriel!I3 -> 5260 | H3: =(G3-E3)/E3 -> 0.028951487 | I3: =Table_Semestriel[[#This Row],[S1_2025 ]]+Table_Semestriel[[#This Row],[S2_2025]] -> 6050 | J3: =(Table_Annuel[[#This Row],[2025]]-Table_Annuel[[#This Row],[2024]])/Table_Annuel[[#This Row],[2024]] -> 0.15019011
A4: WAFA ASSURANCE | B4: WAA | C4: CA | D4: =Semestriel!D4+Semestriel!E4 -> 11638 | E4: =Semestriel!F4+Semestriel!G4 -> 12724 | F4: =(E4-D4)/D4 -> 0.093315003 | G4: =Semestriel!H4+Semestriel!I4 -> 13067 | H4: =(G4-E4)/E4 -> 0.026956932 | I4: =Table_Semestriel[[#This Row],[S1_2025 ]]+Table_Semestriel[[#This Row],[S2_2025]] -> 15226 | J4: =(Table_Annuel[[#This Row],[2025]]-Table_Annuel[[#This Row],[2024]])/Table_Annuel[[#This Row],[2024]] -> 0.16522538
A5: Banques
A6: ATTIJARIWAFA BANK | B6: ATW | C6: CA | D6: =Semestriel!D6+Semestriel!E6 -> 26313 | E6: =Semestriel!F6+Semestriel!G6 -> 29943 | F6: =(E6-D6)/D6 -> 0.13795462 | G6: =Semestriel!H6+Semestriel!I6 -> 34507 | H6: =(G6-E6)/E6 -> 0.15242294 | I6: =Semestriel!K6+Semestriel!J6 -> 34921 | J6: =(Table_Annuel[[#This Row],[2025]]-Table_Annuel[[#This Row],[2024]])/Table_Annuel[[#This Row],[2024]] -> 0.011997566
A7: BANK OF AFRICA | B7: BOA | C7: CA | D7: =Semestriel!D7+Semestriel!E7 -> 15626 | E7: =Semestriel!F7+Semestriel!G7 -> 16942 | F7: =(E7-D7)/D7 -> 0.08421861 | G7: =Semestriel!H7+Semestriel!I7 -> 18622 | H7: =(G7-E7)/E7 -> 0.099161846 | I7: =Semestriel!K7+Semestriel!J7 -> 20348 | J7: =(Table_Annuel[[#This Row],[2025]]-Table_Annuel[[#This Row],[2024]])/Table_Annuel[[#This Row],[2024]] -> 0.09268607
A8: BCP | B8: BCP | C8: CA | D8: =Semestriel!D8+Semestriel!E8 -> 20609 | E8: =Semestriel!F8+Semestriel!G8 -> 22795 | F8: =(E8-D8)/D8 -> 0.10607016 | G8: =Semestriel!H8+Semestriel!I8 -> 25601 | H8: =(G8-E8)/E8 -> 0.12309717 | I8: =Semestriel!K8+Semestriel!J8 -> 27000 | J8: =(Table_Annuel[[#This Row],[2025]]-Table_Annuel[[#This Row],[2024]])/Table_Annuel[[#This Row],[2024]] -> 0.054646303
A9: BMCI | B9: BCI | C9: CA | D9: =Semestriel!D9+Semestriel!E9 -> 3055 | E9: =Semestriel!F9+Semestriel!G9 -> 3440 | F9: =(E9-D9)/D9 -> 0.12602291 | G9: =Semestriel!H9+Semestriel!I9 -> 3790 | H9: =(G9-E9)/E9 -> 0.10174419 | I9: =Semestriel!K9+Semestriel!J9 -> 3940 | J9: =(Table_Annuel[[#This Row],[2025]]-Table_Annuel[[#This Row],[2024]])/Table_Annuel[[#This Row],[2024]] -> 0.039577836
A10: CDM | B10: CDM | C10: CA | D10: =Semestriel!D10+Semestriel!E10 -> 2569.1 | E10: =Semestriel!F10+Semestriel!G10 -> 2900 | F10: =(E10-D10)/D10 -> 0.12879997 | G10: =Semestriel!H10+Semestriel!I10 -> 3300 | H10: =(G10-E10)/E10 -> 0.13793103 | I10: =Semestriel!K10+Semestriel!J10 -> 3468 | J10: =(Table_Annuel[[#This Row],[2025]]-Table_Annuel[[#This Row],[2024]])/Table_Annuel[[#This Row],[2024]] -> 0.050909091
A11: CFG BANK | B11: CFG | C11: CA | D11: =Semestriel!D11+Semestriel!E11 -> 500 | E11: =Semestriel!F11+Semestriel!G11 -> 657 | F11: =(E11-D11)/D11 -> 0.314 | G11: =Semestriel!H11+Semestriel!I11 -> 941 | H11: =(G11-E11)/E11 -> 0.43226788 | I11: =Semestriel!K11+Semestriel!J11 -> 1247 | J11: =(Table_Annuel[[#This Row],[2025]]-Table_Annuel[[#This Row],[2024]])/Table_Annuel[[#This Row],[2024]] -> 0.32518597
A12: CIH | B12: CIH | C12: CA | D12: =Semestriel!D12+Semestriel!E12 -> 3518 | E12: =Semestriel!F12+Semestriel!G12 -> 4467.9 | F12: =(E12-D12)/D12 -> 0.27001137 | G12: =Semestriel!H12+Semestriel!I12 -> 4739 | H12: =(G12-E12)/E12 -> 0.060677276 | I12: =+Table_Semestriel[[#This Row],[S1_2025 ]]+Table_Semestriel[[#This Row],[S2_2025]] -> 4441 | J12: =(Table_Annuel[[#This Row],[2025]]-Table_Annuel[[#This Row],[2024]])/Table_Annuel[[#This Row],[2024]] -> -0.062882465
A13: Services Financiers
A14: EQDOM | B14: EQD | C14: CA | D14: =Semestriel!D14+Semestriel!E14 -> 581 | E14: =Semestriel!F14+Semestriel!G14 -> 547 | F14: =(E14/D14)/D14 -> 0.0016204479 | G14: =Semestriel!H14+Semestriel!I14 -> 543 | H14: =(G14-E14)/E14 -> -0.0073126143 | I14: =Table_Semestriel[[#This Row],[S1_2025 ]]+Table_Semestriel[[#This Row],[S2_2025]] -> 2980.8 | J14: =(Table_Annuel[[#This Row],[2025]]-Table_Annuel[[#This Row],[2024]])/Table_Annuel[[#This Row],[2024]] -> 4.4895028
A15: SALAFIN | B15: SLF | C15: CA | D15: =Semestriel!D15+Semestriel!E15 -> 399.293 | E15: =Semestriel!F15+Semestriel!G15 -> 396.459 | F15: =(E15/D15)/D15 -> 0.0024866513 | G15: =Semestriel!H15+Semestriel!I15 -> 378.645 | H15: =(G15-E15)/E15 -> -0.044932767 | I15: =Table_Semestriel[[#This Row],[S1_2025 ]]+Table_Semestriel[[#This Row],[S2_2025]] -> 191 | J15: =(Table_Annuel[[#This Row],[2025]]-Table_Annuel[[#This Row],[2024]])/Table_Annuel[[#This Row],[2024]] -> -0.49556973
A16: Cash Plus | B16: CAP | C16: CA
A17: Agroalimentaire et Boissons
A18: COSUMAR | B18: CSR | C18: CA | D18: =Semestriel!D18+Semestriel!E18 -> 10433 | E18: =Semestriel!F18+Semestriel!G18 -> 10233 | F18: =(E18-D18)/D18 -> -0.019169942 | G18: =Semestriel!H18+Semestriel!I18 -> 10238 | H18: =(G18-E18)/E18 -> 0.00048861526 | I18: =Table_Semestriel[[#This Row],[S1_2025 ]]+Table_Semestriel[[#This Row],[S2_2025]] -> 5584 | J18: =(Table_Annuel[[#This Row],[2025]]-Table_Annuel[[#This Row],[2024]])/Table_Annuel[[#This Row],[2024]] -> -0.45458097
A19: COSUMAR | B19: CSR | C19: Capex | D19: =Semestriel!D19+Semestriel!E19 -> 283 | E19: =Semestriel!F19+Semestriel!G19 -> 242 | F19: =(E19-D19)/D19 -> -0.14487633 | G19: =Semestriel!H19+Semestriel!I19 -> 200 | H19: =(G19-E19)/E19 -> -0.17355372 | I19: =Table_Semestriel[[#This Row],[S1_2025 ]]+Table_Semestriel[[#This Row],[S2_2025]] -> 92 | J19: =(Table_Annuel[[#This Row],[2025]]-Table_Annuel[[#This Row],[2024]])/Table_Annuel[[#This Row],[2024]] -> -0.54
A20: COSUMAR | B20: CSR | C20: Endettement | D20: =Table_Trims[[#This Row],[2022_T4]] -> 2534 | E20: =Table_Trims[[#This Row],[2023_T4]] -> 2575 | F20: =(E20-D20)/D20 -> 0.016179953 | G20: =Table_Trims[[#This Row],[2024_T4]] -> 2489 | H20: =(G20-E20)/E20 -> -0.033398058 | I20: =Table_Semestriel[[#This Row],[S2_2025]] -> 2450 | J20: =(Table_Annuel[[#This Row],[2025]]-Table_Annuel[[#This Row],[2024]])/Table_Annuel[[#This Row],[2024]] -> -0.015668943
A21: LESIEUR CRISTAL | B21: LES | C21: CA | D21: =Semestriel!D21+Semestriel!E21 -> 6889 | E21: =Semestriel!F21+Semestriel!G21 -> 5934 | F21: =(E21-D21)/D21 -> -0.1386268 | G21: =Semestriel!H21+Semestriel!I21 -> 5128 | H21: =(G21-E21)/E21 -> -0.13582744 | I21: =Table_Semestriel[[#This Row],[S1_2025 ]]+Table_Semestriel[[#This Row],[S2_2025]] -> 2977 | J21: =(Table_Annuel[[#This Row],[2025]]-Table_Annuel[[#This Row],[2024]])/Table_Annuel[[#This Row],[2024]] -> -0.41946178
A22: LESIEUR CRISTAL | B22: LES | C22: Capex | D22: =Semestriel!D22+Semestriel!E22 -> 166 | E22: =Semestriel!F22+Semestriel!G22 -> 118 | F22: =(E22-D22)/D22 -> -0.28915663 | G22: =Semestriel!H22+Semestriel!I22 -> 159 | H22: =(G22-E22)/E22 -> 0.34745763 | I22: =Table_Semestriel[[#This Row],[S1_2025 ]]+Table_Semestriel[[#This Row],[S2_2025]] -> 1926 | J22: =(Table_Annuel[[#This Row],[2025]]-Table_Annuel[[#This Row],[2024]])/Table_Annuel[[#This Row],[2024]] -> 11.113208
A23: LESIEUR CRISTAL | B23: LES | C23: Endettement | D23: =Table_Trims[[#This Row],[2022_T4]] -> 1650 | E23: =Table_Trims[[#This Row],[2023_T4]] -> 1385 | F23: =(E23-D23)/D23 -> -0.16060606 | G23: =Table_Trims[[#This Row],[2024_T4]] -> 1381 | H23: =(G23-E23)/E23 -> -0.0028880866 | I23: =Table_Trims[[#This Row],[2025_T4]] -> 1216 | J23: =(Table_Annuel[[#This Row],[2025]]-Table_Annuel[[#This Row],[2024]])/Table_Annuel[[#This Row],[2024]] -> -0.11947864
A24: MUTANDIS | B24: MUT | C24: CA | D24: =Semestriel!D24+Semestriel!E24 -> 2329 | E24: =Semestriel!F24+Semestriel!G24 -> 2497 | F24: =(E24-D24)/D24 -> 0.072133963 | G24: =Semestriel!H24+Semestriel!I24 -> 2116 | H24: =(G24-E24)/E24 -> -0.1525831 | I24: =Table_Semestriel[[#This Row],[S1_2025 ]]+Table_Semestriel[[#This Row],[S2_2025]] -> 944 | J24: =(Table_Annuel[[#This Row],[2025]]-Table_Annuel[[#This Row],[2024]])/Table_Annuel[[#This Row],[2024]] -> -0.55387524
A25: MUTANDIS | B25: MUT | C25: Capex | D25: =Semestriel!D25+Semestriel!E25 -> 218 | E25: =Semestriel!F25+Semestriel!G25 -> 529 | F25: =(E25-D25)/D25 -> 1.4266055 | G25: =Semestriel!H25+Semestriel!I25 -> 261 | H25: =(G25-E25)/E25 -> -0.50661626 | I25: =Table_Semestriel[[#This Row],[S1_2025 ]]+Table_Semestriel[[#This Row],[S2_2025]] -> 318 | J25: =(Table_Annuel[[#This Row],[2025]]-Table_Annuel[[#This Row],[2024]])/Table_Annuel[[#This Row],[2024]] -> 0.2183908
A26: MUTANDIS | B26: MUT | C26: Endettement | D26: =Table_Trims[[#This Row],[2022_T4]] -> 600 | E26: =Table_Trims[[#This Row],[2023_T4]] -> 694 | F26: =(E26-D26)/D26 -> 0.15666667 | G26: =Table_Trims[[#This Row],[2024_T4]] -> 514 | H26: =(G26-E26)/E26 -> -0.25936599 | I26: =Table_Semestriel[[#This Row],[S2_2025]] -> 528 | J26: =(Table_Annuel[[#This Row],[2025]]-Table_Annuel[[#This Row],[2024]])/Table_Annuel[[#This Row],[2024]] -> 0.027237354
A27: SOCIETE DES BOISSONS DU MAROC | B27: SBM | C27: CA | D27: =Semestriel!D27+Semestriel!E27 -> 2913 | E27: =Semestriel!F27+Semestriel!G27 -> 2931 | F27: =(E27-D27)/D27 -> 0.0061791967 | G27: =Semestriel!H27+Semestriel!I27 -> 2861.5 | H27: =(G27-E27)/E27 -> -0.023712044 | I27: =Table_Semestriel[[#This Row],[S1_2025 ]]+Table_Semestriel[[#This Row],[S2_2025]] -> 1206.3 | J27: =(Table_Annuel[[#This Row],[2025]]-Table_Annuel[[#This Row],[2024]])/Table_Annuel[[#This Row],[2024]] -> -0.57843788
A28: SOCIETE DES BOISSONS DU MAROC | B28: SBM | C28: Capex | D28: =Semestriel!D28+Semestriel!E28 -> 68 | E28: =Semestriel!F28+Semestriel!G28 -> 194.7 | F28: =(E28-D28)/D28 -> 1.8632353 | G28: =Semestriel!H28+Semestriel!I28 -> 113.9 | H28: =(G28-E28)/E28 -> -0.41499743 | I28: =Table_Semestriel[[#This Row],[S1_2025 ]]+Table_Semestriel[[#This Row],[S2_2025]] -> 1762.7 | J28: =(Table_Annuel[[#This Row],[2025]]-Table_Annuel[[#This Row],[2024]])/Table_Annuel[[#This Row],[2024]] -> 14.475856
A29: SOCIETE DES BOISSONS DU MAROC | B29: SBM | C29: Endettement | D29: =Table_Trims[[#This Row],[2022_T4]] -> 820 | E29: =Table_Trims[[#This Row],[2023_T4]] -> 745 | F29: =(E29-D29)/D29 -> -0.091463415 | G29: =Table_Trims[[#This Row],[2024_T4]] -> 826 | H29: =(G29-E29)/E29 -> 0.10872483 | I29: =Table_Semestriel[[#This Row],[S2_2025]] -> 930 | J29: =(Table_Annuel[[#This Row],[2025]]-Table_Annuel[[#This Row],[2024]])/Table_Annuel[[#This Row],[2024]] -> 0.12590799
A30: BTP
A31: JET CONTRACTORS | B31: JET | C31: CA | D31: =Semestriel!D31+Semestriel!E31 -> 1713.81 | E31: =Semestriel!F31+Semestriel!G31 -> 2319.71 | F31: =(E31-D31)/D31 -> 0.35353977 | G31: =Semestriel!H31+Semestriel!I31 -> 2673.45 | H31: =(G31-E31)/E31 -> 0.1524932 | I31: =Table_Semestriel[[#This Row],[S1_2025 ]]+Table_Semestriel[[#This Row],[S2_2025]] -> 484.12 | J31: =(Table_Annuel[[#This Row],[2025]]-Table_Annuel[[#This Row],[2024]])/Table_Annuel[[#This Row],[2024]] -> -0.81891563
A32: JET CONTRACTORS | B32: JET | C32: Capex | D32: =Semestriel!D32+Semestriel!E32 -> 67.06 | E32: =Semestriel!F32+Semestriel!G32 -> 35.51 | F32: =(E32-D32)/D32 -> -0.4704742 | G32: =Semestriel!H32+Semestriel!I32 -> 70.89 | H32: =(G32-E32)/E32 -> 0.99633906 | I32: =Table_Semestriel[[#This Row],[S1_2025 ]]+Table_Semestriel[[#This Row],[S2_2025]] -> 37.46 | J32: =(Table_Annuel[[#This Row],[2025]]-Table_Annuel[[#This Row],[2024]])/Table_Annuel[[#This Row],[2024]] -> -0.47157568
A33: JET CONTRACTORS | B33: JET | C33: Endettement | D33: =Table_Trims[[#This Row],[2022_T4]] -> 559 | E33: =Table_Trims[[#This Row],[2023_T4]] -> 902.1 | F33: =(E33-D33)/D33 -> 0.6137746 | G33: =Table_Trims[[#This Row],[2024_T4]] -> 838.24 | H33: =(G33-E33)/E33 -> -0.070790378 | I33: =Table_Semestriel[[#This Row],[S2_2025]] -> 1343 | J33: =(Table_Annuel[[#This Row],[2025]]-Table_Annuel[[#This Row],[2024]])/Table_Annuel[[#This Row],[2024]] -> 0.60216644
A34: LAFARGEHOLCIM MAROC | B34: LHM | C34: CA | D34: =Semestriel!D34+Semestriel!E34 -> 7984 | E34: =Semestriel!F34+Semestriel!G34 -> 8212 | F34: =(E34-D34)/D34 -> 0.028557114 | G34: =Semestriel!H34+Semestriel!I34 -> 8155 | H34: =(G34-E34)/E34 -> -0.0069410619 | I34: =Table_Semestriel[[#This Row],[S1_2025 ]]+Table_Semestriel[[#This Row],[S2_2025]] -> 4532.34 | J34: =(Table_Annuel[[#This Row],[2025]]-Table_Annuel[[#This Row],[2024]])/Table_Annuel[[#This Row],[2024]] -> -0.44422563
A35: LAFARGEHOLCIM MAROC | B35: LHM | C35: Endettement | D35: =Table_Trims[[#This Row],[2022_T4]] -> 843.93 | E35: =Table_Trims[[#This Row],[2023_T4]] -> 1015.9 | F35: =(E35-D35)/D35 -> 0.20377282 | G35: =Table_Trims[[#This Row],[2024_T4]] -> 1001.67 | H35: =(G35-E35)/E35 -> -0.014007284 | I35: =+Table_Semestriel[[#This Row],[S2_2025]] -> 1640 | J35: =(Table_Annuel[[#This Row],[2025]]-Table_Annuel[[#This Row],[2024]])/Table_Annuel[[#This Row],[2024]] -> 0.63726577
A36: SONASID | B36: SID | C36: CA | D36: =Semestriel!D36+Semestriel!E36 -> 4888 | E36: =Semestriel!F36+Semestriel!G36 -> 4995 | F36: =(E36-D36)/D36 -> 0.021890344 | G36: =Semestriel!H36+Semestriel!I36 -> 5494 | H36: =(G36-E36)/E36 -> 0.0998999 | I36: =Table_Semestriel[[#This Row],[S1_2025 ]]+Table_Semestriel[[#This Row],[S2_2025]] -> 7775 | J36: =(Table_Annuel[[#This Row],[2025]]-Table_Annuel[[#This Row],[2024]])/Table_Annuel[[#This Row],[2024]] -> 0.4151802
A37: SONASID | B37: SID | C37: Capex | D37: =Semestriel!D37+Semestriel!E37 -> 142 | E37: =Semestriel!F37+Semestriel!G37 -> 219 | F37: =(E37-D37)/D37 -> 0.54225352 | G37: =Semestriel!H37+Semestriel!I37 -> 197 | H37: =(G37-E37)/E37 -> -0.10045662 | I37: =Table_Semestriel[[#This Row],[S1_2025 ]]+Table_Semestriel[[#This Row],[S2_2025]] -> 8138 | J37: =(Table_Annuel[[#This Row],[2025]]-Table_Annuel[[#This Row],[2024]])/Table_Annuel[[#This Row],[2024]] -> 40.309645
A38: SONASID | B38: SID | C38: Endettement | D38: =Table_Trims[[#This Row],[2022_T4]] -> 1240 | E38: =Table_Trims[[#This Row],[2023_T4]] -> 1326 | F38: =(E38-D38)/D38 -> 0.069354839 | G38: =Table_Trims[[#This Row],[2024_T4]] -> 1692 | H38: =(G38-E38)/E38 -> 0.2760181 | I38: =Table_Semestriel[[#This Row],[S2_2025]] -> 1854 | J38: =(Table_Annuel[[#This Row],[2025]]-Table_Annuel[[#This Row],[2024]])/Table_Annuel[[#This Row],[2024]] -> 0.095744681
A39: TGCC S.A | B39: TGC | C39: CA | D39: =Semestriel!D39+Semestriel!E39 -> 5061.4 | E39: =Semestriel!F39+Semestriel!G39 -> 7104.5 | F39: =(E39-D39)/D39 -> 0.40366302 | G39: =Semestriel!H39+Semestriel!I39 -> 8047 | H39: =(G39-E39)/E39 -> 0.1326624 | I39: =Table_Semestriel[[#This Row],[S1_2025 ]]+Table_Semestriel[[#This Row],[S2_2025]] -> 5146.1 | J39: =(Table_Annuel[[#This Row],[2025]]-Table_Annuel[[#This Row],[2024]])/Table_Annuel[[#This Row],[2024]] -> -0.36049459
A40: TGCC S.A | B40: TGC | C40: Capex | D40: =Semestriel!D40+Semestriel!E40 -> 123.6 | E40: =Semestriel!F40+Semestriel!G40 -> 307.7 | F40: =(E40-D40)/D40 -> 1.4894822 | G40: =Semestriel!H40+Semestriel!I40 -> 172.9 | H40: =(G40-E40)/E40 -> -0.43808905 | I40: =Table_Semestriel[[#This Row],[S1_2025 ]]+Table_Semestriel[[#This Row],[S2_2025]] -> -606.6 | J40: =(Table_Annuel[[#This Row],[2025]]-Table_Annuel[[#This Row],[2024]])/Table_Annuel[[#This Row],[2024]] -> -4.5083864
A41: TGCC S.A | B41: TGC | C41: Endettement | D41: =Table_Trims[[#This Row],[2022_T4]] -> 1700.4 | E41: =Table_Trims[[#This Row],[2023_T4]] -> 2212.7 | F41: =(E41-D41)/D41 -> 0.30128205 | G41: =Table_Trims[[#This Row],[2024_T4]] -> 2245.5 | H41: =(G41-E41)/E41 -> 0.014823519 | I41: =Table_Semestriel[[#This Row],[S2_2025]] -> 3662 | J41: =(Table_Annuel[[#This Row],[2025]]-Table_Annuel[[#This Row],[2024]])/Table_Annuel[[#This Row],[2024]] -> 0.63081719
A42: SGTM | B42: GTM | C42: CA | I42: 15165
A43: SGTM | B43: GTM | C43: Capex | I43: 783
A44: SGTM | B44: GTM | C44: Endettement | I44: 156
A45: Distribution Alimentaire
A46: LABEL VIE | B46: LBV | C46: CA | D46: =Semestriel!D46+Semestriel!E46 -> 13946.83 | E46: =Semestriel!F46+Semestriel!G46 -> 15800.08 | F46: =(E46-D46)/D46 -> 0.13287966 | G46: =Semestriel!H46+Semestriel!I46 -> 16418 | H46: =(G46-E46)/E46 -> 0.039108663 | I46: =Semestriel!K46+Semestriel!J46 -> 18534 | J46: =(Table_Annuel[[#This Row],[2025]]-Table_Annuel[[#This Row],[2024]])/Table_Annuel[[#This Row],[2024]] -> 0.12888293
A47: LABEL VIE | B47: LBV | C47: Capex | D47: =Semestriel!D47+Semestriel!E47 -> 1173.35 | E47: =Semestriel!F47+Semestriel!G47 -> 1218.95 | F47: =(E47-D47)/D47 -> 0.038863084 | G47: =Semestriel!H47+Semestriel!I47 -> 910 | H47: =(G47-E47)/E47 -> -0.25345584 | I47: =Semestriel!K47+Semestriel!J47 -> 1206 | J47: =(Table_Annuel[[#This Row],[2025]]-Table_Annuel[[#This Row],[2024]])/Table_Annuel[[#This Row],[2024]] -> 0.32527473
A48: LABEL VIE | B48: LBV | C48: Endettement | D48: =Table_Trims[[#This Row],[2022_T4]] -> 108 | E48: =Table_Trims[[#This Row],[2023_T4]] -> 59 | F48: =(E48-D48)/D48 -> -0.4537037 | G48: =Table_Trims[[#This Row],[2024_T4]] -> 110 | H48: =(G48-E48)/E48 -> 0.86440678 | I48: =Table_Trims[[#This Row],[2025_T4]] -> 0 | J48: =(Table_Annuel[[#This Row],[2025]]-Table_Annuel[[#This Row],[2024]])/Table_Annuel[[#This Row],[2024]] -> -1
A49: Electrecité
A50: TAQA MOROCCO | B50: TQM | C50: CA | D50: =Semestriel!D50+Semestriel!E50 -> 13605 | E50: =Semestriel!F50+Semestriel!G50 -> 13192 | F50: =(E50-D50)/D50 -> -0.030356487 | G50: =Semestriel!H50+Semestriel!I50 -> 10878 | H50: =(G50-E50)/E50 -> -0.17540934 | I50: =Table_Semestriel[[#This Row],[S1_2025 ]]+Table_Semestriel[[#This Row],[S2_2025]] -> 15187 | J50: =(Table_Annuel[[#This Row],[2025]]-Table_Annuel[[#This Row],[2024]])/Table_Annuel[[#This Row],[2024]] -> 0.39612061
A51: TAQA MOROCCO | B51: TQM | C51: Capex | D51: =Semestriel!D51+Semestriel!E51 -> 242 | E51: =Semestriel!F51+Semestriel!G51 -> 343 | F51: =(E51-D51)/D51 -> 0.41735537 | G51: =Semestriel!H51+Semestriel!I51 -> 293 | H51: =(G51-E51)/E51 -> -0.14577259 | I51: =Table_Semestriel[[#This Row],[S1_2025 ]]+Table_Semestriel[[#This Row],[S2_2025]] -> 664 | J51: =(Table_Annuel[[#This Row],[2025]]-Table_Annuel[[#This Row],[2024]])/Table_Annuel[[#This Row],[2024]] -> 1.2662116
A52: TAQA MOROCCO | B52: TQM | C52: Endettement | D52: =Table_Trims[[#This Row],[2022_T4]] -> 3176.12 | E52: =Table_Trims[[#This Row],[2023_T4]] -> 3789 | F52: =(E52-D52)/D52 -> 0.192965 | G52: =Table_Trims[[#This Row],[2024_T4]] -> 3973 | H52: =(G52-E52)/E52 -> 0.048561626 | I52: =Table_Semestriel[[#This Row],[S2_2025]] -> 4606 | J52: =(Table_Annuel[[#This Row],[2025]]-Table_Annuel[[#This Row],[2024]])/Table_Annuel[[#This Row],[2024]] -> 0.15932545
A53: GAZ
A54: AFRIQUIA GAZ | B54: GAZ | C54: CA | D54: =Semestriel!D54+Semestriel!E54 -> 9510 | E54: =Semestriel!F54+Semestriel!G54 -> 8257 | F54: =(E54-D54)/D54 -> -0.13175605 | G54: =Semestriel!H54+Semestriel!I54 -> 8773 | H54: =(G54-E54)/E54 -> 0.062492431 | I54: =Table_Semestriel[[#This Row],[S1_2025 ]]+Table_Semestriel[[#This Row],[S2_2025]] -> 7916 | J54: =(Table_Annuel[[#This Row],[2025]]-Table_Annuel[[#This Row],[2024]])/Table_Annuel[[#This Row],[2024]] -> -0.097686082
A55: AFRIQUIA GAZ | B55: GAZ | C55: Capex | D55: =Semestriel!D55+Semestriel!E55 -> 497.4 | E55: =Semestriel!F55+Semestriel!G55 -> 355.6 | F55: =(E55-D55)/D55 -> -0.28508243 | G55: =Semestriel!H55+Semestriel!I55 -> 534.5 | H55: =(G55-E55)/E55 -> 0.50309336 | I55: =Table_Semestriel[[#This Row],[S1_2025 ]]+Table_Semestriel[[#This Row],[S2_2025]] -> 2554 | J55: =(Table_Annuel[[#This Row],[2025]]-Table_Annuel[[#This Row],[2024]])/Table_Annuel[[#This Row],[2024]] -> 3.7782975
A56: AFRIQUIA GAZ | B56: GAZ | C56: Endettement | D56: =Table_Trims[[#This Row],[2022_T4]] -> 0 | E56: =Table_Trims[[#This Row],[2023_T4]] -> 0 | F56: =(E56-D56)/D56 -> #DIV/0! | G56: =Table_Trims[[#This Row],[2024_T4]] -> 0 | H56: =(G56-E56)/E56 -> #DIV/0! | I56: =Table_Trims[[#This Row],[2025_T4]] -> 0 | J56: =(Table_Annuel[[#This Row],[2025]]-Table_Annuel[[#This Row],[2024]])/Table_Annuel[[#This Row],[2024]] -> #DIV/0!
A57: TOTALENERGIES | B57: TMA | C57: CA | D57: =Semestriel!D57+Semestriel!E57 -> 19717.5 | E57: =Semestriel!F57+Semestriel!G57 -> 16933.155 | F57: =(E57-D57)/D57 -> -0.14121187 | G57: =Semestriel!H57+Semestriel!I57 -> 16750.97 | H57: =(G57-E57)/E57 -> -0.01075907 | I57: =Table_Semestriel[[#This Row],[S1_2025 ]]+Table_Semestriel[[#This Row],[S2_2025]] -> 12801.547 | J57: =(Table_Annuel[[#This Row],[2025]]-Table_Annuel[[#This Row],[2024]])/Table_Annuel[[#This Row],[2024]] -> -0.23577279
A58: TOTALENERGIES | B58: TMA | C58: Endettement | D58: =Table_Trims[[#This Row],[2022_T4]] -> 123 | E58: =Table_Trims[[#This Row],[2023_T4]] -> 214 | F58: =(E58-D58)/D58 -> 0.7398374 | G58: =Table_Trims[[#This Row],[2024_T4]] -> 129 | H58: =(G58-E58)/E58 -> -0.39719626 | I58: =Table_Semestriel[[#This Row],[S2_2025]] -> 40 | J58: =(Table_Annuel[[#This Row],[2025]]-Table_Annuel[[#This Row],[2024]])/Table_Annuel[[#This Row],[2024]] -> -0.68992248
A59: HOLDING
A60: DELTA HOLDING | B60: DHO | C60: CA | D60: =Semestriel!D60+Semestriel!E60 -> 2792 | E60: =Semestriel!F60+Semestriel!G60 -> 3123 | F60: =(E60-D60)/D60 -> 0.11855301 | G60: =Semestriel!H60+Semestriel!I60 -> 3117 | H60: =(G60-E60)/E60 -> -0.0019212296 | I60: =Table_Semestriel[[#This Row],[S1_2025 ]]+Table_Semestriel[[#This Row],[S2_2025]] -> 1334 | J60: =(Table_Annuel[[#This Row],[2025]]-Table_Annuel[[#This Row],[2024]])/Table_Annuel[[#This Row],[2024]] -> -0.57202438
A61: DELTA HOLDING | B61: DHO | C61: Capex | D61: =Semestriel!D61+Semestriel!E61 -> 59 | E61: =Semestriel!F61+Semestriel!G61 -> 89 | F61: =(E61-D61)/D61 -> 0.50847458 | G61: =Semestriel!H61+Semestriel!I61 -> 90 | H61: =(G61-E61)/E61 -> 0.011235955 | I61: =Table_Semestriel[[#This Row],[S1_2025 ]]+Table_Semestriel[[#This Row],[S2_2025]] -> 4370 | J61: =(Table_Annuel[[#This Row],[2025]]-Table_Annuel[[#This Row],[2024]])/Table_Annuel[[#This Row],[2024]] -> 47.555556
A62: DELTA HOLDING | B62: DHO | C62: Endettement | D62: =Table_Trims[[#This Row],[2022_T4]] -> 145.1 | E62: =Table_Trims[[#This Row],[2023_T4]] -> 123.8 | F62: =(E62-D62)/D62 -> -0.14679531 | G62: =Table_Trims[[#This Row],[2024_T4]] -> 148.2 | H62: =(G62-E62)/E62 -> 0.19709208 | I62: =Table_Trims[[#This Row],[2025_T4]] -> 172.5 | J62: =(Table_Annuel[[#This Row],[2025]]-Table_Annuel[[#This Row],[2024]])/Table_Annuel[[#This Row],[2024]] -> 0.16396761
A63: Hotels-Tourisme & Loisirs
A64: RISMA | B64: RIS | C64: CA | D64: =Semestriel!D64+Semestriel!E64 -> 1036 | E64: =Semestriel!F64+Semestriel!G64 -> 1174 | F64: =(E64-D64)/D64 -> 0.13320463 | G64: =Semestriel!H64+Semestriel!I64 -> 1264 | H64: =(G64-E64)/E64 -> 0.076660988 | I64: =Table_Semestriel[[#This Row],[S1_2025 ]]+Table_Semestriel[[#This Row],[S2_2025]] -> 8235.402 | J64: =(Table_Annuel[[#This Row],[2025]]-Table_Annuel[[#This Row],[2024]])/Table_Annuel[[#This Row],[2024]] -> 5.5153497
A65: RISMA | B65: RIS | C65: Capex | D65: =Semestriel!D65+Semestriel!E65 -> 93 | E65: =Semestriel!F65+Semestriel!G65 -> 168 | F65: =(E65-D65)/D65 -> 0.80645161 | G65: =Semestriel!H65+Semestriel!I65 -> 134 | H65: =(G65-E65)/E65 -> -0.20238095 | I65: =Table_Semestriel[[#This Row],[S1_2025 ]]+Table_Semestriel[[#This Row],[S2_2025]] -> -290.657 | J65: =(Table_Annuel[[#This Row],[2025]]-Table_Annuel[[#This Row],[2024]])/Table_Annuel[[#This Row],[2024]] -> -3.1690821
A66: RISMA | B66: RIS | C66: Endettement | D66: =Table_Trims[[#This Row],[2022_T4]] -> 68.4 | E66: =Table_Trims[[#This Row],[2023_T4]] -> 79.4 | F66: =(E66-D66)/D66 -> 0.16081871 | G66: =Table_Trims[[#This Row],[2024_T4]] -> 77.7 | H66: =(G66-E66)/E66 -> -0.021410579 | I66: =Table_Trims[[#This Row],[2025_T4]] -> 104.5 | J66: =(Table_Annuel[[#This Row],[2025]]-Table_Annuel[[#This Row],[2024]])/Table_Annuel[[#This Row],[2024]] -> 0.34491634
A67: Industrie Agricole
A68: CMGP GROUP | B68: CMG | C68: CA | E68: =Semestriel!F68+Semestriel!G68 -> 577 | G68: =Semestriel!H68+Semestriel!I68 -> 2327 | H68: =(G68-E68)/E68 -> 3.0329289 | I68: =Table_Semestriel[[#This Row],[S1_2025 ]]+Table_Semestriel[[#This Row],[S2_2025]] -> 1388.2 | J68: =(Table_Annuel[[#This Row],[2025]]-Table_Annuel[[#This Row],[2024]])/Table_Annuel[[#This Row],[2024]] -> -0.4034379
A69: CMGP GROUP | B69: CMG | C69: Capex | E69: =Semestriel!F69+Semestriel!G69 -> 24 | G69: =Semestriel!H69+Semestriel!I69 -> 108 | H69: =(G69-E69)/E69 -> 3.5 | I69: =Table_Semestriel[[#This Row],[S1_2025 ]]+Table_Semestriel[[#This Row],[S2_2025]] -> 22 | J69: =(Table_Annuel[[#This Row],[2025]]-Table_Annuel[[#This Row],[2024]])/Table_Annuel[[#This Row],[2024]] -> -0.7962963
A70: CMGP GROUP | B70: CMG | C70: Endettement | E70: =Table_Trims[[#This Row],[2023_T4]] -> 1063 | G70: =Semestriel!H70+Semestriel!I70 -> 0 | H70: =(G70-E70)/E70 -> -1 | I70: =Table_Semestriel[[#This Row],[S2_2025]] -> 1012
A71: Industries Transport
A72: SODEP-Marsa Maroc | B72: MSA | C72: CA | D72: =Semestriel!D72+Semestriel!E72 -> 3948 | E72: =Semestriel!F72+Semestriel!G72 -> 4321 | F72: =(E72-D72)/D72 -> 0.094478217 | G72: =Semestriel!H72+Semestriel!I72 -> 5008 | H72: =(G72-E72)/E72 -> 0.15899097 | I72: =Semestriel!J72+Semestriel!K72 -> 5809 | J72: =(Table_Annuel[[#This Row],[2025]]-Table_Annuel[[#This Row],[2024]])/Table_Annuel[[#This Row],[2024]] -> 0.15994409
A73: SODEP-Marsa Maroc | B73: MSA | C73: Capex | D73: =Semestriel!D73+Semestriel!E73 -> 477 | E73: =Semestriel!F73+Semestriel!G73 -> 530 | F73: =(E73-D73)/D73 -> 0.11111111 | G73: =Semestriel!H73+Semestriel!I73 -> 715 | H73: =(G73-E73)/E73 -> 0.3490566 | I73: =Semestriel!J73+Semestriel!K73 -> 2415 | J73: =(Table_Annuel[[#This Row],[2025]]-Table_Annuel[[#This Row],[2024]])/Table_Annuel[[#This Row],[2024]] -> 2.3776224
A74: SODEP-Marsa Maroc | B74: MSA | C74: Endettement | D74: =Table_Trims[[#This Row],[2022_T4]] -> 314 | E74: =Table_Trims[[#This Row],[2023_T4]] -> 295 | F74: =(E74-D74)/D74 -> -0.060509554 | G74: =Table_Trims[[#This Row],[2024_T4]] -> 349 | H74: =(G74-E74)/E74 -> 0.18305085 | I74: =Table_Trims[[#This Row],[2025_T4]] -> 486 | J74: =(Table_Annuel[[#This Row],[2025]]-Table_Annuel[[#This Row],[2024]])/Table_Annuel[[#This Row],[2024]] -> 0.39255014
A75: Logiciels & Services Informatiques
A76: HPS | B76: HPS | C76: CA | D76: =Semestriel!D76+Semestriel!E76 -> 1004 | E76: =Semestriel!F76+Semestriel!G76 -> 1175 | F76: =(E76-D76)/D76 -> 0.17031873 | G76: =Semestriel!H76+Semestriel!I76 -> 1248.7 | H76: =(G76-E76)/E76 -> 0.062723404 | I76: =Table_Semestriel[[#This Row],[S1_2025 ]]+Table_Semestriel[[#This Row],[S2_2025]] -> 3916 | J76: =(Table_Annuel[[#This Row],[2025]]-Table_Annuel[[#This Row],[2024]])/Table_Annuel[[#This Row],[2024]] -> 2.1360615
A77: HPS | B77: HPS | C77: Endettement | D77: =Table_Trims[[#This Row],[2022_T4]] -> 0 | E77: =Table_Trims[[#This Row],[2023_T4]] -> 0 | F77: =(E77-D77)/D77 -> #DIV/0! | G77: =Table_Trims[[#This Row],[2024_T4]] -> 0 | H77: =(G77-E77)/E77 -> #DIV/0! | I77: =Table_Trims[[#This Row],[2025_T4]] -> 0 | J77: =(Table_Annuel[[#This Row],[2025]]-Table_Annuel[[#This Row],[2024]])/Table_Annuel[[#This Row],[2024]] -> #DIV/0!
A78: Mines
A79: MANAGEM | B79: MNG | C79: CA | D79: =Semestriel!D79+Semestriel!E79 -> 9645 | E79: =Semestriel!F79+Semestriel!G79 -> 7508 | F79: =(E79-D79)/D79 -> -0.22156558 | G79: =Semestriel!H79+Semestriel!I79 -> 8860 | H79: =(G79-E79)/E79 -> 0.18007459 | I79: =Table_Semestriel[[#This Row],[S1_2025 ]]+Table_Semestriel[[#This Row],[S2_2025]] -> 5375 | J79: =(Table_Annuel[[#This Row],[2025]]-Table_Annuel[[#This Row],[2024]])/Table_Annuel[[#This Row],[2024]] -> -0.39334086
A80: MANAGEM | B80: MNG | C80: Capex | D80: =Semestriel!D80+Semestriel!E80 -> 2174 | E80: =Semestriel!F80+Semestriel!G80 -> 2752 | F80: =(E80-D80)/D80 -> 0.26586937 | G80: =Semestriel!H80+Semestriel!I80 -> 7252 | H80: =(G80-E80)/E80 -> 1.6351744 | I80: =Table_Semestriel[[#This Row],[S1_2025 ]]+Table_Semestriel[[#This Row],[S2_2025]] -> 3926 | J80: =(Table_Annuel[[#This Row],[2025]]-Table_Annuel[[#This Row],[2024]])/Table_Annuel[[#This Row],[2024]] -> -0.4586321
A81: MANAGEM | B81: MNG | C81: Endettement | D81: =Table_Trims[[#This Row],[2022_T4]] -> 0 | E81: =Table_Trims[[#This Row],[2023_T4]] -> 0 | F81: =(E81-D81)/D81 -> #DIV/0! | G81: =Table_Trims[[#This Row],[2024_T4]] -> 0 | H81: =(G81-E81)/E81 -> #DIV/0! | I81: =Table_Semestriel[[#This Row],[S2_2025]] -> 0 | J81: =(Table_Annuel[[#This Row],[2025]]-Table_Annuel[[#This Row],[2024]])/Table_Annuel[[#This Row],[2024]] -> #DIV/0!
A82: MINIERIE TOUISSIT | B82: CMT | C82: CA | D82: =Semestriel!D82+Semestriel!E82 -> 589 | E82: =Semestriel!F82+Semestriel!G82 -> 590 | F82: =(E82-D82)/D82 -> 0.0016977929 | G82: =Semestriel!H82+Semestriel!I82 -> 586 | H82: =(G82-E82)/E82 -> -0.006779661 | I82: =Semestriel!K82+Semestriel!J82 -> 690 | J82: =(Table_Annuel[[#This Row],[2025]]-Table_Annuel[[#This Row],[2024]])/Table_Annuel[[#This Row],[2024]] -> 0.1774744
A83: MINIERIE TOUISSIT | B83: CMT | C83: Capex | D83: =Semestriel!D83+Semestriel!E83 -> 92 | E83: =Semestriel!F83+Semestriel!G83 -> 107 | F83: =(E83-D83)/D83 -> 0.16304348 | G83: =Semestriel!H83+Semestriel!I83 -> 103 | H83: =(G83-E83)/E83 -> -0.037383178 | I83: =Semestriel!K83+Semestriel!J83 -> 62 | J83: =(Table_Annuel[[#This Row],[2025]]-Table_Annuel[[#This Row],[2024]])/Table_Annuel[[#This Row],[2024]] -> -0.39805825
A84: MINIERIE TOUISSIT | B84: CMT | C84: Endettement | D84: =Table_Trims[[#This Row],[2022_T4]] -> 342 | E84: =Table_Trims[[#This Row],[2023_T4]] -> 24 | F84: =(E84-D84)/D84 -> -0.92982456 | G84: =Table_Trims[[#This Row],[2024_T4]] -> -792 | H84: =(G84-E84)/E84 -> -34 | I84: =Table_Trims[[#This Row],[2025_T4]] -> -753 | J84: =(Table_Annuel[[#This Row],[2025]]-Table_Annuel[[#This Row],[2024]])/Table_Annuel[[#This Row],[2024]] -> -0.049242424
A85: SMI | B85: SMI | C85: CA | D85: =Semestriel!D85+Semestriel!E85 -> 798 | E85: =Semestriel!F85+Semestriel!G85 -> 1066 | F85: =(E85-D85)/D85 -> 0.3358396 | G85: =Semestriel!H85+Semestriel!I85 -> 1053 | H85: =(G85-E85)/E85 -> -0.012195122 | I85: =Table_Semestriel[[#This Row],[S1_2025 ]]+Table_Semestriel[[#This Row],[S2_2025]] -> 628 | J85: =(Table_Annuel[[#This Row],[2025]]-Table_Annuel[[#This Row],[2024]])/Table_Annuel[[#This Row],[2024]] -> -0.40360874
A86: SMI | B86: SMI | C86: Capex | D86: =Semestriel!D86+Semestriel!E86 -> 221 | E86: =Semestriel!F86+Semestriel!G86 -> 175 | F86: =(E86-D86)/D86 -> -0.2081448 | G86: =Semestriel!H86+Semestriel!I86 -> 213 | H86: =(G86-E86)/E86 -> 0.21714286 | I86: =Table_Semestriel[[#This Row],[S1_2025 ]]+Table_Semestriel[[#This Row],[S2_2025]] -> 973 | J86: =(Table_Annuel[[#This Row],[2025]]-Table_Annuel[[#This Row],[2024]])/Table_Annuel[[#This Row],[2024]] -> 3.5680751
A87: SMI | B87: SMI | C87: Endettement | D87: =Table_Trims[[#This Row],[2022_T4]] -> 159 | E87: =Table_Trims[[#This Row],[2023_T4]] -> 87 | F87: =(E87-D87)/D87 -> -0.45283019 | G87: =Table_Trims[[#This Row],[2024_T4]] -> 551 | H87: =(G87-E87)/E87 -> 5.3333333 | I87: =Table_Semestriel[[#This Row],[S2_2025]] -> 423 | J87: =(Table_Annuel[[#This Row],[2025]]-Table_Annuel[[#This Row],[2024]])/Table_Annuel[[#This Row],[2024]] -> -0.2323049
A88: Opérateurs Telecom
A89: ITISSALAT AL-MAGHRIB | B89: IAM | C89: CA | D89: =Semestriel!D89+Semestriel!E89 -> 35731 | E89: =Semestriel!F89+Semestriel!G89 -> 36785 | F89: =(E89-D89)/D89 -> 0.029498195 | G89: =Semestriel!H89+Semestriel!I89 -> 36699 | H89: =(G89-E89)/E89 -> -0.0023379095 | I89: =Semestriel!K89+Semestriel!J89 -> 36675 | J89: =(Table_Annuel[[#This Row],[2025]]-Table_Annuel[[#This Row],[2024]])/Table_Annuel[[#This Row],[2024]] -> -0.00065396877
A90: ITISSALAT AL-MAGHRIB | B90: IAM | C90: Capex | D90: =Semestriel!D90+Semestriel!E90 -> 7572 | E90: =Semestriel!F90+Semestriel!G90 -> 7839 | F90: =(E90-D90)/D90 -> 0.03526149 | G90: =Semestriel!H90+Semestriel!I90 -> 11165 | H90: =(G90-E90)/E90 -> 0.42428881 | I90: =Semestriel!K90+Semestriel!J90 -> 10891 | J90: =(Table_Annuel[[#This Row],[2025]]-Table_Annuel[[#This Row],[2024]])/Table_Annuel[[#This Row],[2024]] -> -0.024540976
A91: ITISSALAT AL-MAGHRIB | B91: IAM | C91: Endettement | D91: =Table_Trims[[#This Row],[2022_T4]] -> 4347 | E91: =Table_Trims[[#This Row],[2023_T4]] -> 7588 | F91: =(E91-D91)/D91 -> 0.74557166 | G91: =Table_Trims[[#This Row],[2024_T4]] -> 10272 | H91: =(G91-E91)/E91 -> 0.35371639 | I91: =Table_Trims[[#This Row],[2025_T4]] -> 12674 | J91: =(Table_Annuel[[#This Row],[2025]]-Table_Annuel[[#This Row],[2024]])/Table_Annuel[[#This Row],[2024]] -> 0.23383956
A92: Participation et Promotion Immo
A93: ALLIANCES | B93: ADI | C93: CA | D93: =Semestriel!D93+Semestriel!E93 -> 1584 | E93: =Semestriel!F93+Semestriel!G93 -> 2018 | F93: =(E93-D93)/D93 -> 0.2739899 | G93: =Semestriel!H93+Semestriel!I93 -> 2364 | H93: =(G93-E93)/E93 -> 0.17145689 | I93: =Table_Semestriel[[#This Row],[S1_2025 ]]+Table_Semestriel[[#This Row],[S2_2025]] -> 1368 | J93: =(Table_Annuel[[#This Row],[2025]]-Table_Annuel[[#This Row],[2024]])/Table_Annuel[[#This Row],[2024]] -> -0.4213198
A94: ALLIANCES | B94: ADI | C94: Endettement | D94: =Table_Trims[[#This Row],[2022_T4]] -> 282 | E94: =Table_Trims[[#This Row],[2023_T4]] -> 400 | F94: =(E94-D94)/D94 -> 0.41843972 | G94: =Table_Trims[[#This Row],[2024_T4]] -> 231 | H94: =(G94-E94)/E94 -> -0.4225 | I94: =Table_Semestriel[[#This Row],[S2_2025]] -> 70 | J94: =(Table_Annuel[[#This Row],[2025]]-Table_Annuel[[#This Row],[2024]])/Table_Annuel[[#This Row],[2024]] -> -0.6969697
A95: DOUJA PROM ADDOHA | B95: ADH | C95: CA | D95: =Semestriel!D95+Semestriel!E95 -> 1394 | E95: =Semestriel!F95+Semestriel!G95 -> 2099 | F95: =(E95-D95)/D95 -> 0.50573888 | G95: =Semestriel!H95+Semestriel!I95 -> 2589 | H95: =(G95-E95)/E95 -> 0.2334445 | I95: =Table_Semestriel[[#This Row],[S1_2025 ]]+Table_Semestriel[[#This Row],[S2_2025]] -> 2235 | J95: =(Table_Annuel[[#This Row],[2025]]-Table_Annuel[[#This Row],[2024]])/Table_Annuel[[#This Row],[2024]] -> -0.13673233
A96: DOUJA PROM ADDOHA | B96: ADH | C96: Endettement | D96: =Table_Trims[[#This Row],[2022_T4]] -> 63 | E96: =Table_Trims[[#This Row],[2023_T4]] -> 52 | F96: =(E96-D96)/D96 -> -0.17460317 | G96: =Table_Trims[[#This Row],[2024_T4]] -> 66 | H96: =(G96-E96)/E96 -> 0.26923077 | I96: =Table_Semestriel[[#This Row],[S2_2025]] -> 62 | J96: =(Table_Annuel[[#This Row],[2025]]-Table_Annuel[[#This Row],[2024]])/Table_Annuel[[#This Row],[2024]] -> -0.060606061
A97: RESIDENCES DAR SAADA | B97: RDS | C97: CA | D97: =Semestriel!D97+Semestriel!E97 -> 536 | E97: =Semestriel!F97+Semestriel!G97 -> 420 | F97: =(E97-D97)/D97 -> -0.21641791 | G97: =Semestriel!H97+Semestriel!I97 -> 136 | H97: =(G97-E97)/E97 -> -0.67619048 | I97: =Table_Semestriel[[#This Row],[S1_2025 ]]+Table_Semestriel[[#This Row],[S2_2025]] -> -217.8 | J97: =(Table_Annuel[[#This Row],[2025]]-Table_Annuel[[#This Row],[2024]])/Table_Annuel[[#This Row],[2024]] -> -2.6014706
A98: RESIDENCES DAR SAADA | B98: RDS | C98: Endettement | D98: =Table_Trims[[#This Row],[2022_T4]] -> 0 | E98: =Table_Trims[[#This Row],[2023_T4]] -> 0 | F98: =(E98-D98)/D98 -> #DIV/0! | G98: =Table_Trims[[#This Row],[2024_T4]] -> 0 | H98: =(G98-E98)/E98 -> #DIV/0! | I98: =Table_Semestriel[[#This Row],[S2_2025]] -> 0 | J98: =(Table_Annuel[[#This Row],[2025]]-Table_Annuel[[#This Row],[2024]])/Table_Annuel[[#This Row],[2024]] -> #DIV/0!
A99: Santé
A100: AKDITAL | B100: AKT | C100: CA | D100: =Semestriel!D100+Semestriel!E100 -> 1034 | E100: =Semestriel!F100+Semestriel!G100 -> 1912 | F100: =(E100-D100)/D100 -> 0.84912959 | G100: =Semestriel!H100+Semestriel!I100 -> 2952 | H100: =(G100-E100)/E100 -> 0.54393305 | I100: =Semestriel!K100+Semestriel!J100 -> 4409 | J100: =(Table_Annuel[[#This Row],[2025]]-Table_Annuel[[#This Row],[2024]])/Table_Annuel[[#This Row],[2024]] -> 0.49356369
...

Sheet Base_Finale
A1: Société | B1: Ticker | C1: TypeValeur | D1: Année | E1: Période | F1: Valeur | G1: TypePériode
A2: ATLANTASANAD | B2: ATL | C2: CA | D2: 2022 | E2: T1 | F2: 1960 | G2: Trimestriel
A3: ATLANTASANAD | B3: ATL | C3: CA | D3: 2022 | E3: T2 | F3: 1122 | G3: Trimestriel
A4: ATLANTASANAD | B4: ATL | C4: CA | D4: 2022 | E4: T3 | F4: 1063 | G4: Trimestriel
A5: ATLANTASANAD | B5: ATL | C5: CA | D5: 2022 | E5: T4 | F5: 1258 | G5: Trimestriel
A6: ATLANTASANAD | B6: ATL | C6: CA | D6: 2023 | E6: T1 | F6: 1893 | G6: Trimestriel
A7: ATLANTASANAD | B7: ATL | C7: CA | D7: 2023 | E7: T2 | F7: 1192 | G7: Trimestriel
A8: ATLANTASANAD | B8: ATL | C8: CA | D8: 2023 | E8: T3 | F8: 906 | G8: Trimestriel
A9: ATLANTASANAD | B9: ATL | C9: CA | D9: 2023 | E9: T4 | F9: 1121 | G9: Trimestriel
A10: ATLANTASANAD | B10: ATL | C10: CA | D10: 2024 | E10: T1 | F10: 1962 | G10: Trimestriel
A11: ATLANTASANAD | B11: ATL | C11: CA | D11: 2024 | E11: T2 | F11: 1134 | G11: Trimestriel
A12: ATLANTASANAD | B12: ATL | C12: CA | D12: 2024 | E12: T3 | F12: 855 | G12: Trimestriel
A13: ATLANTASANAD | B13: ATL | C13: CA | D13: 2024 | E13: T4 | F13: 1309 | G13: Trimestriel
... A2658: ARADEI CAPITAL | B2658: ARD | C2658: Endettement | D2658: 2025 | E2658: Annuel | F2658: 4246 | G2658: Annuel

Sheet TCD
A2: TypePériode | B2: Semestriel
A3: TypeValeur | B3: CA
A5: Étiquettes de lignes | B5: Somme de Valeur
A6: AKDITAL | B6: 10307
A7: 2022 | B7: 1034
A8: S1 | B8: 451
A9: S2 | B9: 583
A10: 2023 | B10: 1912
A11: S1 | B11: 823
A12: S2 | B12: 1089
A13: 2024 | B13: 2952
A14: S1 | B14: 1248
A15: S2 | B15: 1704
A16: 2025 | B16: 4409
A17: S1 | B17: 2090
A18: S2 | B18: 2319
A19: Total général | B19: 10307
